dataset_id,peptide,total_peptide_tpm,total_scaled_peptide_tpm,total_gene_tpm,gene_symbols,gene_ensg_ids,gene_num_proteins,gene_num_matching_proteins,gene_frac_matching_proteins
1,AAHFTALLY,8.351,0.0,8.35071659088135,ATM,ENSG00000149311,21,3,0.0
1,AAIAASRSA,20.891,0.0,20.8908596038818,C1orf198,ENSG00000119280,5,1,0.0
1,AAQFSSEVL,26.801,0.0,26.8007221221924,IPO9,ENSG00000198700,2,1,0.0
1,ADQSIKVRI,0.491,0.0,0.491001725196838,ACE2,ENSG00000130234,10,9,0.0
1,AIAECETRLGK,10.801,0.0,10.8010520935059,SIRT5,ENSG00000124523,22,17,0.0
1,AKNRGIAI,4.721,0.0,4.72102451324463,ITPR2,ENSG00000123104,4,1,0.0
1,ALAAGSCVV,1.301,0.0,1.30098104476929,ALDH3B2,ENSG00000132746,10,8,0.0
1,ALAKETQFR,7.721,0.0,7.72106552124023,PAFAH2,ENSG00000158006,4,2,0.0
1,ALALTPVEQV,10.121,0.0,10.1211404800415,TSNARE1,ENSG00000171045,7,4,0.0
1,ALARKGVQL,24.592,0.0,24.5917072296143,BCS1L,ENSG00000074582,15,12,0.0
1,ALIVGGIVGI,108.248,108.248,108.248260498047,SDC4,ENSG00000124145,1,1,1.0
1,ALLQEGAHV,0.341,0.0,0.340989679098129,IGSF1,ENSG00000147255,11,6,0.0
1,ALSQVTLLL,0.271,0.0,0.271006613969803,AGMO,ENSG00000187546,3,2,0.0
1,ALTASPVPL,3.221,0.0,3.22098064422607,CNNM2,ENSG00000148842,3,1,0.0
1,ALVNELYSL,8.921,0.0,8.92096614837646,AP4B1,ENSG00000134262,6,4,0.0
1,AMAGSPVFL,17.891,16.96,17.891450881958,SLC16A7;SLC16A1,ENSG00000118596;ENSG00000155380,13;6,6;6,0.0;1.0
1,AQAAWRENF,25.791,0.0,25.7910747528076,MTG1,ENSG00000148824,3,2,0.0
1,ASWYRIYTK,8.931,0.0,8.93086528778076,DPY19L1,ENSG00000173852,8,5,0.0
1,ATFRNNHMK,6.196,6.196,6.19615411758423,AKAP11,ENSG00000023516,1,1,1.0
1,ATMSGRWKR,6.111,0.0,6.11096429824829,NFATC1,ENSG00000131196,12,1,0.0
1,AVFYTILTPM,0.014,0.014,0.0139996068319306,OR2L13;OR2L5;OR2L2;OR2L8,ENSG00000196071;ENSG00000197454;ENSG00000203663;ENSG00000279263,3;1;3;1,3;1;3;1,1.0;1.0;1.0;1.0
1,AVRWFFAHS,2.611,2.611,2.61099553108215,VSTM4,ENSG00000165633,2,2,1.0
1,CEDSQLVSHL,15.002,0.0,15.0020332336426,DDX60;DDX60L,ENSG00000137628;ENSG00000181381,7;8,3;2,0.0;0.0
1,CLIIDSNSTI,7.241,0.0,7.24105548858643,OPLAH,ENSG00000178814,2,1,0.0
1,CRPLHYPLL,0.002,0.002,0.0019999782089144,OR2T34;OR2T3,ENSG00000183310;ENSG00000196539,1;1,1;1,1.0;1.0
1,CYMEALAL,10.521,10.521,10.5210008621216,HSDL1,ENSG00000103160,5,5,1.0
1,CYTADNEMGY,0.011,0.0,0.010999639518559,ROS1,ENSG00000047936,3,2,0.0
1,DEQMESMTY,0.031,0.0,0.0309997424483299,ABCB5,ENSG00000004846,5,2,0.0
1,DHYAYSYYP,9.761,0.0,9.76080417633057,PTPRU,ENSG00000060656,4,1,0.0
1,DKWAEKPAF,27.69,0.0,27.6901321411133,ARHGAP17,ENSG00000140750,9,2,0.0
1,DLLEVNLQNGI,1.181,0.789,1.18100657034665,PCDHA6;PCDHA9;PCDHA7;PCDHA5;PCDHA2;PCDHA1;PCDHA13;PCDHA11;PCDHA10;PCDHA12;PCDHA3,ENSG00000081842;ENSG00000204961;ENSG00000204963;ENSG00000204965;ENSG00000204969;ENSG00000204970;ENSG00000239389;ENSG00000249158;ENSG00000250120;ENSG00000251664;ENSG00000255408,3;2;2;3;3;3;3;3;4;3;2,3;2;2;3;3;3;3;2;3;3;2,1.0;1.0;1.0;1.0;1.0;1.0;1.0;0.0;0.0;1.0;1.0
1,DTASTSDAV,143.42,0.0,143.41975402832,DYNC1H1,ENSG00000197102,32,30,0.0
1,DTLPVAVAL,8.161,0.0,8.16073989868164,FCHO2,ENSG00000157107,4,2,0.0
1,EAMQCSELY,1.851,1.851,1.85099375247955,KLHL29,ENSG00000119771,2,2,1.0
1,ENITTIQCY,10.981,0.0,10.9807138442993,ADGRA3,ENSG00000152990,5,1,0.0
1,EQIPESAGF,25.061,0.0,25.0614852905273,CRELD1,ENSG00000163703,53,7,0.0
1,FAVGSHVY,2.351,0.0,2.35104155540466,PGM5,ENSG00000154330,3,1,0.0
1,FEDLSVTL,100.239,0.0,100.238990783691,ATP6AP2,ENSG00000182220,23,17,0.0
1,FLLDEANGL,35.992,0.0,35.9924426078796,SPOP;SPOPL,ENSG00000121067;ENSG00000144228,19;3,11;2,0.0;0.0
1,FLPTKYRGYML,0.361,0.0,0.361007332801819,SVOPL,ENSG00000157703,7,4,0.0
1,FLRNIPGSI,0.401,0.0,0.401007175445557,ARHGAP20,ENSG00000137727,7,6,0.0
1,FLSCPHYRFSL,26.26,0.0,26.2600898742676,VPS45,ENSG00000136631,12,3,0.0
1,FLVNKFSTV,0.521,0.521,0.521016180515289,PGBD4,ENSG00000182405,1,1,1.0
1,FLYNPLTRV,7.261,7.261,7.26115989685059,SEC24A,ENSG00000113615,3,3,1.0
1,FMLRNERQFK,67.451,0.0,58.3994786739349,NBPF1;NBPF11;NBPF15;NBPF12;NBPF9;NBPF14;NBPF19;NBPF10;NBPF26,ENSG00000219481;ENSG00000263956;ENSG00000266338;ENSG00000268043;ENSG00000269713;ENSG00000270629;ENSG00000271383;ENSG00000271425;ENSG00000273136,2;5;6;5;7;7;5;3;9,1;3;5;3;5;5;3;2;6,0.0;0.0;0.0;0.0;0.0;0.0;0.0;0.0;0.0
1,GACCPVCLQ,14.091,0.0,14.0909795761108,PXDN,ENSG00000130508,5,1,0.0
1,GLLGNILVV,0.441,0.441,0.441015124320984,CCR6,ENSG00000112486,4,4,1.0
1,GQHIAKSPF,357.574,0.0,357.574493408203,FLNA,ENSG00000196924,11,7,0.0
1,GRIAFSLKY,6.241,0.0,6.24109840393066,SYTL4,ENSG00000102362,5,4,0.0
1,GSNPFQHLEK,150.19,16.801,150.190662384033,COPG2;COPG1,ENSG00000158623;ENSG00000181789,2;4,2;2,1.0;0.0
1,GTCVRVTVQAR,32.781,0.0,32.7812728881836,C20orf27,ENSG00000101220,4,3,0.0
1,GVITKAIYK,26.3,26.3,26.3001651763916,USO1,ENSG00000138768,2,2,1.0
1,HDLGRLHPC,32.521,0.0,32.5210075378418,RETSAT,ENSG00000042445,5,2,0.0
1,HLEDFLLRI,12.431,0.0,12.4312543869019,TUBGCP6,ENSG00000128159,4,2,0.0
1,HMVEISTPV,2.871,2.871,2.87109279632568,SH3RF2,ENSG00000156463,2,2,1.0
1,HSTAQIIL,0.001,0.001,0.0009999891044572,OR4C11,ENSG00000172188,1,1,1.0
1,IFSLGLILF,11.671,0.0,11.6713533401489,EIF2AK3,ENSG00000172071,9,4,0.0
1,IIAAQPPNIL,11.571,11.571,11.5706663131714,SCAF8,ENSG00000213079,3,3,1.0
1,ILDSASHDCPL,42.061,42.061,42.0606727600098,WIPI2,ENSG00000157954,5,5,1.0
1,ILENPFSSI,5.161,0.0,5.16117668151855,SCYL3,ENSG00000000457,4,2,0.0
1,IPDSIAVIQQL,3.861,3.861,3.8610680103302,SAMD9,ENSG00000205413,3,3,1.0
1,ITDFGLAKL,11.351,0.0,11.3506259918213,EGFR,ENSG00000146648,7,3,0.0
1,ITMQLMKREK,111.903,0.0,111.902618408203,RNF10,ENSG00000022840,13,3,0.0
1,ITRKNPRTPL,4.341,0.0,4.34091758728027,MYO9A,ENSG00000066933,11,4,0.0
1,IVILVGTGV,2.391,0.0,2.39097666740417,FLT4,ENSG00000037280,5,3,0.0
1,KALLPVGAY,0.002,0.001,0.0019999782089144,AQP12A;AQP12B,ENSG00000184945;ENSG00000185176,1;5,1;2,1.0;0.0
1,KIPCESPPLEV,8.311,8.311,8.31087303161621,MKI67,ENSG00000148773,2,2,1.0
1,KITDFGLAK,11.351,0.0,11.3506259918213,EGFR,ENSG00000146648,7,3,0.0
1,KLFEFLVHGV,16.311,0.0,16.3113021850586,SMARCD3,ENSG00000082014,6,1,0.0
1,KLGNGINII,26.842,0.0,26.8416233062744,DDX18,ENSG00000088205,2,1,0.0
1,KLIKQNSKDSV,5.871,0.0,5.87097454071045,FAM135A,ENSG00000082269,10,3,0.0
1,KLVVVGAGGV,83.541,17.211,83.5416688919067,KRAS;HRAS;NRAS,ENSG00000133703;ENSG00000174775;ENSG00000213281,13;8;1,11;7;1,0.0;0.0;1.0
1,KMIGFSETA,19.041,0.0,19.040506362915,NSF,ENSG00000073969,7,2,0.0
1,KQFPAMALK,5.811,0.0,5.81105470657349,SGK3,ENSG00000104205,10,7,0.0
1,KQHPKAITPR,4.821,4.821,4.82089185714722,NAA16,ENSG00000172766,3,3,1.0
1,KRIELTRQV,6.111,0.0,6.11096429824829,NPR2,ENSG00000159899,13,7,0.0
1,KRMSVIVRTP,3.732,0.0,3.73194247484207,ATP8A1;ATP8A2,ENSG00000124406;ENSG00000132932,7;8,2;6,0.0;0.0
1,KRPTPTFHS,58.79,0.0,58.7900466918945,MACF1,ENSG00000127603,24,10,0.0
1,KVINLSPFE,0.741,0.0,0.740976631641388,CCDC7,ENSG00000216937,11,2,0.0
1,KYSSGFRNI,8.351,0.0,8.35071659088135,ATM,ENSG00000149311,21,6,0.0
1,LFPGASYLV,8.001,8.001,8.00110912322998,ARHGEF35,ENSG00000213214,2,2,1.0
1,LGLLDSAQRK,1.931,1.931,1.93093550205231,ZNF235,ENSG00000159917,6,6,1.0
1,LHEAHPWFEF,27.64,0.0,27.6402740478516,SPG11,ENSG00000104133,23,17,0.0
1,LHQPNPFEV,5.921,5.921,5.92083215713501,PRAG1,ENSG00000275342,2,2,1.0
1,LIDPNTLQV,24.662,0.0,24.661693572998,NMD3,ENSG00000169251,8,3,0.0
1,LKFNQCYGV,9.141,0.0,9.14130401611328,FAXDC2,ENSG00000170271,10,2,0.0
1,LLAASFETL,0.421,0.0,0.421002298593521,FCRLA,ENSG00000132185,14,7,0.0
1,LLASYDEISG,0.241,0.241,0.240999162197113,TRIM31,ENSG00000204616,1,1,1.0
1,LLGRNSFEV,30.79,0.0,30.7902145385742,TP53,ENSG00000141510,24,18,0.0
1,LLKAVLVAGL,10.301,0.0,10.300910949707,DHX29,ENSG00000067248,2,1,0.0
1,LLLCGVLAV,1.051,0.0,1.05102717876434,CFAP70,ENSG00000156042,7,4,0.0
1,LLMEREDKV,0.061,0.061,0.0610019862651825,CBLN2,ENSG00000141668,4,4,1.0
1,LLQEGAHVPL,0.341,0.0,0.340989679098129,IGSF1,ENSG00000147255,11,6,0.0
1,LLRKHQLI,3.011,0.0,3.01091074943542,ZNF765,ENSG00000196417,5,1,0.0
1,LMYSGALLF,30.82,0.0,30.8201084136963,GET4,ENSG00000239857,5,4,0.0
1,LPGEKGHPGP,0.391,0.391,0.390989005565643,COL4A6,ENSG00000197565,5,5,1.0
1,LPQGWKMNSTP,1.761,1.761,1.76100623607635,ASPHD2,ENSG00000128203,1,1,1.0
1,LSPFRIHER,3.791,0.0,3.79105663299561,ZNF136,ENSG00000196646,5,2,0.0
1,LTFLEKTREK,108.82,0.0,108.820007324219,PSMD13,ENSG00000185627,8,6,0.0
1,LWTETITNI,7.961,0.0,7.96072578430176,ANAPC1,ENSG00000153107,5,1,0.0
1,LYQRWEAQNKG,0.671,0.0,0.67100715637207,TG,ENSG00000042832,10,1,0.0
1,MIYGSDTWI,19.411,0.0,19.4109649658203,ABHD4,ENSG00000100439,7,1,0.0
1,MLCSFQIPDA,0.001,0.001,0.0009999891044572,DCAF4L2,ENSG00000176566,1,1,1.0
1,MLMFAVIVA,15.461,15.461,15.4614105224609,CHST14,ENSG00000169105,2,2,1.0
1,MTFSDGLTL,46.524,0.0,46.5241720676422,RARB;RARA;RARG,ENSG00000077092;ENSG00000131759;ENSG00000172819,20;7;7,9;6;4,0.0;0.0;0.0
1,NLEREEYTV,31.082,0.0,31.0818405151367,TRIOBP,ENSG00000100106,9,1,0.0
1,NLNKHRRYE,0.621,0.0,0.621015012264252,SDK2,ENSG00000069188,2,1,0.0
1,PFPQCTKSF,0.886,0.0,0.88602077960968,ZFPM2,ENSG00000169946,4,3,0.0
1,PHVCRLLGI,11.351,0.0,11.3506259918213,EGFR,ENSG00000146648,7,3,0.0
1,PPDLPGTHL,1.661,0.0,1.6610552072525,FLRT2,ENSG00000185070,5,4,0.0
1,PPGLPGNGL,0.391,0.391,0.390989005565643,COL4A6,ENSG00000197565,5,5,1.0
1,PPSRPIPPA,2.821,0.0,2.82098698616028,ADAM19,ENSG00000135074,4,3,0.0
1,PSYCLPPTF,8.551,0.0,8.55104064941406,PFAS,ENSG00000178921,9,2,0.0
1,PVNSLSLEF,70.439,70.439,70.4388732910156,ECI1,ENSG00000167969,4,4,1.0
1,QLPGPIREFL,28.72,0.0,28.7203216552734,SOCS3,ENSG00000184557,2,1,0.0
1,QPSFPHLVAF,1.351,0.0,1.35097408294678,ZNF169,ENSG00000175787,4,1,0.0
1,RERHHQPQTC,3.161,0.0,3.1610414981842,USP31,ENSG00000103404,3,2,0.0
1,RFREEFEGPPL,1.331,1.331,1.33099019527435,BEND3,ENSG00000178409,2,2,1.0
1,RIAQRIGLI,48.631,48.631,48.6308517456055,RNF11,ENSG00000123091,1,1,1.0
1,RIHTGEKPFK,128.515,10.337,103.898363830638,ZNF510;ZNF7;ZKSCAN2;ZNF222;ZNF221;ZNF23;ZNF354A;ZNF680;ZNF519;ZNF619;ZNF454;ZNF354B;ZNF223;ZNF852;ZNF721;ZNF284;ZNF75D;ZNF527;ZNF136;ZKSCAN5;ZNF431;ZSCAN26;ZNF790;ZNF155;ZNF888;ZNF225;ZNF234;;ZNF224,ENSG00000081386;ENSG00000147789;ENSG00000155592;ENSG00000159885;ENSG00000159905;ENSG00000167377;ENSG00000169131;ENSG00000173041;ENSG00000175322;ENSG00000177873;ENSG00000178187;ENSG00000178338;ENSG00000178386;ENSG00000178917;ENSG00000182903;ENSG00000186026;ENSG00000186376;ENSG00000189164;ENSG00000196646;ENSG00000196652;ENSG00000196705;ENSG00000197062;ENSG00000197863;ENSG00000204920;ENSG00000213793;ENSG00000256294;ENSG00000263002;ENSG00000267022;ENSG00000267680,2;10;2;3;5;9;3;2;3;8;2;2;4;2;5;1;2;6;5;4;5;7;8;7;1;5;3;1;5,2;6;1;2;4;5;1;1;1;7;2;1;1;1;2;1;2;1;2;3;2;6;4;4;1;2;2;1;3,1.0;0.0;0.0;0.0;0.0;0.0;0.0;0.0;0.0;0.0;1.0;0.0;0.0;0.0;0.0;1.0;1.0;0.0;0.0;0.0;0.0;0.0;0.0;0.0;1.0;0.0;0.0;1.0;0.0
1,RLDSTLRL,36.402,0.0,36.4022340774536,SPAG9;MAPK8IP3,ENSG00000008294;ENSG00000138834,8;6,4;4,0.0;0.0
1,RLGPYLEFL,0.011,0.011,0.010999639518559,ITIH6,ENSG00000102313,1,1,1.0
1,RLMLRRVAL,2.631,0.0,2.63097953796387,TLR3,ENSG00000164342,3,2,0.0
1,RLSCMLARL,7.831,0.0,7.83101892471313,CEP192,ENSG00000101639,10,5,0.0
1,RLWEPLRVV,2.301,0.0,2.30106234550476,MRGPRF,ENSG00000172935,3,2,0.0
1,RLWLEVPDSA,1.661,1.661,1.6610552072525,VWA7,ENSG00000204396,1,1,1.0
1,RMWKTLTFF,555.121,555.121,555.121060580015,COX6A1;,ENSG00000111775;ENSG00000111780,1;1,1;1,1.0;1.0
1,RPGWRCVPF,25.83,0.0,25.8304347991943,COX11,ENSG00000166260,5,4,0.0
1,RRIGVGVAV,53.372,0.0,53.3715858459473,KEAP1,ENSG00000079999,8,3,0.0
1,RSSSTQQDNPK,31.082,0.0,31.0818405151367,TRIOBP,ENSG00000100106,9,1,0.0
1,RTAPRPGSQE,12.891,0.0,12.8910694122314,ENDOV,ENSG00000173818,22,2,0.0
1,RTGARESPHF,0.081,0.0,0.0810019224882126,ANKFN1,ENSG00000153930,6,5,0.0
1,RTRDSCDFSY,1.571,1.571,1.57101833820343,KIAA1958,ENSG00000165185,3,3,1.0
1,RVIGMPPPV,0.011,0.0,0.010999639518559,MYPN,ENSG00000138347,17,4,0.0
1,RVLHFKDSY,0.231,0.0,0.231005638837814,UNC5A,ENSG00000113763,3,2,0.0
1,SASTESPAS,5.931,0.0,5.93110132217407,ZBTB9,ENSG00000213588,4,1,0.0
1,SEFENKQAL,8.351,0.0,8.35071659088135,ATM,ENSG00000149311,21,3,0.0
1,SEIISFKSM,6.181,0.0,6.18082761764526,FEZ1,ENSG00000149557,6,5,0.0
1,SGSFGTVY,55.032,0.0,55.0320105552673,NEK11;RAF1;BRAF,ENSG00000114670;ENSG00000132155;ENSG00000157764,10;47;11,9;21;8,0.0;0.0;0.0
1,SILDAVQRV,0.191,0.0,0.190994098782539,PXDNL,ENSG00000147485,3,1,0.0
1,SISDEITKA,24.451,24.451,24.4506340026855,MCMBP,ENSG00000197771,2,2,1.0
1,SISSSLLVR,6.201,0.0,6.20099639892578,SSPN,ENSG00000123096,5,2,0.0
1,SIVSLFVLL,17.191,0.0,17.191219329834,TPCN1,ENSG00000186815,16,4,0.0
1,SLANSGGWV,8.251,0.0,8.25117778778076,CCDC61,ENSG00000104983,5,3,0.0
1,SLDQPVTAL,12.401,0.0,12.4011325836182,TTC8,ENSG00000165533,11,5,0.0
1,SLPFQFAHHL,6.201,0.0,6.20099639892578,YTHDC2,ENSG00000047188,4,1,0.0
1,SLPTKNFPV,7.501,0.0,7.50108861923218,IQCE,ENSG00000106012,13,5,0.0
1,SLSEECYWSP,12.741,0.0,12.7409420013428,TTC7A,ENSG00000068724,6,3,0.0
1,SLSGGGPFSNL,4.661,0.0,4.66087245941162,FAXC,ENSG00000146267,2,1,0.0
1,SPLYSVKSF,43.603,0.0,43.6026928126812,DDX19B;DDX19A;,ENSG00000157349;ENSG00000168872;ENSG00000260537,13;8;3,5;3;2,0.0;0.0;0.0
1,SPMEEAISL,0.091,0.0,0.0909993499517441,ASXL3,ENSG00000141431,6,2,0.0
1,SQDQELPSE,22.782,0.0,22.781644821167,USP15,ENSG00000135655,10,2,0.0
1,SRCPSAMGI,20.36,0.0,20.3604850769043,NFKBIL1,ENSG00000204498,4,3,0.0
1,SSAEHPGASK,3.171,0.0,3.17091679573059,MITF,ENSG00000187098,16,8,0.0
1,SSTLFLPHY,23.382,23.382,23.38157081604,HECTD3,ENSG00000126107,2,2,1.0
1,SVRDKCVEM,35.701,0.0,35.7011833190918,TCEA3,ENSG00000204219,4,2,0.0
1,SYNFEGDIALL,108.549,0.0,108.548805236816,C1R,ENSG00000159403,10,4,0.0
1,SYWNRLRFL,0.211,0.0,0.210997819900513,PPP4R4,ENSG00000119698,5,1,0.0
1,TGATFFPPL,9.641,0.0,9.64111518859863,BAZ2B,ENSG00000123636,7,3,0.0
1,TLAYFPPRPPL,8.741,0.0,8.74100971221924,SLC49A4,ENSG00000138463,2,1,0.0
1,TLIAIFPYA,10.281,0.0,10.2809381484985,SLC25A19,ENSG00000125454,14,6,0.0
1,TLMTDTQFV,0.581,0.0,0.580995917320251,AKAP3,ENSG00000111254,4,2,0.0
1,TPSGEWFTF,1.761,1.761,1.76100623607635,ASPHD2,ENSG00000128203,1,1,1.0
1,TQFRCAVAL,7.721,0.0,7.72106552124023,PAFAH2,ENSG00000158006,4,2,0.0
1,TRQELSHAL,84.069,0.0,84.0688858032227,PRPF19,ENSG00000110107,5,3,0.0
1,TSPRFIEFV,3.861,0.0,3.8610680103302,HACE1,ENSG00000085382,9,3,0.0
1,TTVVYPATEK,15.071,15.071,15.0709657669067,DCPS,ENSG00000110063,2,2,1.0
1,VFLDRLELY,2.871,0.0,2.87109279632568,PLCB4,ENSG00000101333,47,43,0.0
1,VIFLACFLPY,1.931,1.931,1.93093550205231,GPR68,ENSG00000119714,4,4,1.0
1,VIMLNGTKE,81.544,81.544,81.5436172485352,RTF2,ENSG00000022277,4,4,1.0
1,VLANDPDADRL,14.991,0.0,14.9907426834106,PGM2,ENSG00000169299,6,1,0.0
1,VLDRFIPGT,74.502,0.0,74.5016250610352,MPV17,ENSG00000115204,13,8,0.0
1,VLEFEKMNLY,0.691,0.0,0.691020309925079,TRIM17,ENSG00000162931,8,5,0.0
1,VLEPHQVGL,1.381,0.0,1.38098728656769,ZNF573,ENSG00000189144,10,8,0.0
1,VLHFKDSYHNL,0.231,0.0,0.231005638837814,UNC5A,ENSG00000113763,3,2,0.0
1,VLLPTATSL,21.781,0.0,21.7810249328613,VCAN,ENSG00000038427,7,2,0.0
1,VLQSQSISL,1.061,0.0,1.06098186969757,CCSER1,ENSG00000184305,10,3,0.0
1,VLSTVMDRV,21.781,0.0,21.7810249328613,VCAN,ENSG00000038427,7,3,0.0
1,VLTVEENLSI,6.271,0.0,6.27101945877075,ABCA5,ENSG00000154265,11,4,0.0
1,VLYCVLIESP,1.981,0.0,1.98096036911011,RYR1,ENSG00000196218,8,3,0.0
1,VMDIPYLNL,22.782,0.0,22.781644821167,PARN,ENSG00000140694,23,15,0.0
1,VMLQIINVV,0.001,0.001,0.0009999891044572,ADGRG4,ENSG00000156920,3,3,1.0
1,VTKGEHMTEE,2.131,0.0,2.13095474243164,CFAP251,ENSG00000158023,2,1,0.0
1,VTKKVAKSPK,54.433,54.433,54.4326362609863,H1-2,ENSG00000187837,1,1,1.0
1,VVGAGGVGK,83.541,17.211,83.5416688919067,KRAS;HRAS;NRAS,ENSG00000133703;ENSG00000174775;ENSG00000213281,13;8;1,11;7;1,0.0;0.0;1.0
1,WLRDHRMAGL,13.151,0.0,13.1509943008423,DBNDD1,ENSG00000003249,6,1,0.0
1,WLSVLECVEV,26.991,0.0,26.9908771514893,PEX16,ENSG00000121680,8,2,0.0
1,WVAPDGHIF,24.3,0.0,24.3002624511719,ERCC3,ENSG00000163161,13,7,0.0
1,WVPALFDEV,15.081,15.081,15.0814161300659,POGK,ENSG00000143157,3,3,1.0
1,WVYSSHRHP,0.333,0.333,0.333003312349319,RIMBP3C;RIMBP3B;RIMBP3,ENSG00000183246;ENSG00000274600;ENSG00000275793,1;1;1,1;1;1,1.0;1.0;1.0
1,YLLFMIGYA,2.171,0.0,2.17106056213379,TRPV4,ENSG00000111199,9,7,0.0
1,YLSNTTVTIL,0.001,0.001,0.0009999891044572,TAS2R46,ENSG00000226761,1,1,1.0
1,YPPPPPALP,22.032,22.032,22.0315647125244,WASL,ENSG00000106299,1,1,1.0
1,YPPRGFPPYL,21.361,0.0,21.3608913421631,MIA2,ENSG00000150527,15,10,0.0
1,YVPRFVSK,0.631,0.631,0.63099479675293,FAT4,ENSG00000196159,3,3,1.0
1,YYSKNLNSS,2.261,0.0,2.26106119155884,MMS22L,ENSG00000146263,7,2,0.0
