Peptide,icore_start_pos,HLA,Pep,Core,Of,Gp,Gl,Ip,Il,icore_mut,EL_rank_mut,icore_wt_aligned,EL_rank_wt_aligned,icore_similarity_score,dataset_id,total_peptide_tpm,total_scaled_peptide_tpm,total_gene_tpm,gene_symbols,gene_ensg_ids,gene_num_proteins,gene_num_matching_proteins,gene_frac_matching_proteins,icore_len_mut,icore_len_wt,icore_anchor,icore_mutation_position,icore_anchor_mutation,icore_mut_score,icore_blsm_mut_score,mean_pred
AAMHGRKIM,1,HLA-B*0702,AAMHGRKIM,AAMHGRKIM,0,0,0,0,0,AAMHGRKIM,0.637,AAMNGRKIM,0.712,0.921524,1.0,30.24,0.0,30.2402877807617,TIA1,ENSG00000116001,9,8,0.0,9,9,"1,8",3,False,2,1,0.20614438990434883
AERLDVKAI,1,HLA-B*4403,AERLDVKAI,AERLDVKAI,0,0,0,0,0,AERLDVKAI,0.382,AERLDVKAM,0.243,0.986012,1.0,82.35,0.0,82.3501892089844,EIF5,ENSG00000100664,10,3,0.0,9,9,"1,8",8,True,3,1,0.17502344902429143
AIDAALTFV,1,HLA-A*0201,AIDAALTFV,AIDAALTFV,0,0,0,0,0,AIDAALTFV,0.268,AIDAALTSV,0.151,0.951006,1.0,9.371,0.0,9.37098026275635,NUP210,ENSG00000132182,2,1,0.0,9,9,"1,8",7,False,2,-2,0.2823272060849408
ALALAQKGV,1,HLA-A*0201,ALALAQKGV,ALALAQKGV,0,0,0,0,0,ALALAQKGV,1.166,ALALARKGV,2.825,0.950258,1.0,24.592,0.0,24.5917072296143,BCS1L,ENSG00000074582,15,12,0.0,9,9,"1,8",5,False,2,1,0.13669095710210394
ALAVIELYNA,1,HLA-A*0201,ALAVIELYNA,ALAVELYNA,0,4,1,0,0,ALAVIELYNA,3.281,ALALIELYNA,2.723,0.970874,1.0,52.611,43.58,52.6112623214722,AHCYL2;AHCYL1,ENSG00000158467;ENSG00000168710,7;3,5;3,0.0;1.0,10,10,"1,9",3,False,6,1,0.12254208632034229
ALFNLIGTFPL,1,HLA-A*0201,ALFNLIGTFPL,ALFNGTFPL,0,4,2,0,0,ALFNLIGTFPL,0.639,ALFNLIDTFPL,0.659,0.931454,1.0,5.591,0.0,5.59097528457642,SRPX,ENSG00000101955,4,3,0.0,11,11,"1,10",6,False,2,-1,0.11158110634068485
ALSIGTSYRY,1,HLA-B*1501,ALSIGTSY,ALS-IGTSY,0,0,0,3,1,ALSIGTSY,0.335,ALSIGTPY,0.854,0.9346,1.0,0.001,0.001,0.0009999891044572,KCNH5,ENSG00000140015,3,3,1.0,8,8,"1,7",6,False,4,-1,0.17391176106374676
ALVRGVCMKV,1,HLA-A*0201,ALVRGVCMKV,ALVRGVMKV,0,6,1,0,0,ALVRGVCMKV,1.52,ALVRGVFMKV,1.074,0.900071,1.0,13.991,0.0,13.9907360076904,LRMDA,ENSG00000148655,4,3,0.0,10,10,"1,9",6,False,2,-2,0.12381263799703646
ALWSLSRHASL,1,HLA-A*0201,ALWSLSRHA,ALWSLSRHA,0,0,0,0,0,ALWSLSRHA,0.428,ALWSLSRHA,0.428,1.0,1.0,11.951,0.0,11.9513359069824,ACOX3,ENSG00000087008,4,3,0.0,9,9,"1,8",-1,True,0,4,0.1124460272304999
ALYGFVPVL,1,HLA-A*0201,ALYGFVPVL,ALYGFVPVL,0,0,0,0,0,ALYGFVPVL,0.024,ALYGSVPVL,0.023,0.902943,1.0,155.827,0.0,155.826843261719,GANAB,ENSG00000089597,10,5,0.0,9,9,"1,8",4,False,2,-2,0.5563332549720622
AMYSNADIYLF,2,HLA-A*2402,MYSNADIYLF,MYSNAIYLF,0,5,1,0,0,MYSNADIYLF,0.063,VYSNADIYLF,0.019,0.988111,1.0,13.251,0.0,13.2507305145264,ABCC1,ENSG00000103222,5,3,0.0,10,10,"1,9",0,False,1,1,0.1290130607337952
AQFCDVRLQV,1,HLA-A*0201,AQFCDVRLQV,AQFDVRLQV,0,3,1,0,0,AQFCDVRLQV,0.855,GQFCDVRLQV,0.991,0.983679,1.0,48.412,0.0,48.4122428894043,IVNS1ABP,ENSG00000116679,3,2,0.0,10,10,"1,9",0,False,4,0,0.11281216192309344
ASMTGIVYSL,2,HLA-A*0201,SMTGIVYSL,SMTGIVYSL,0,0,0,0,0,SMTGIVYSL,0.072,SMTGIAYSL,0.303,0.948684,1.0,0.632,0.601,0.631984375417233,SLC4A8;SLC4A10,ENSG00000050438;ENSG00000144290,4;6,4;5,1.0;0.0,9,9,"1,8",5,False,4,0,0.2385095891369442
ASVTHSVDK,1,HLA-A*1101,ASVTHSVDK,ASVTHSVDK,0,0,0,0,0,ASVTHSVDK,0.199,ASVTRSVDK,0.384,0.918912,1.0,5.321,5.321,5.32100963592529,SUSD3,ENSG00000157303,5,5,1.0,9,9,"1,8",4,False,2,0,0.15005676068056392
AVLSPQEKREL,4,HLA-B*0702,SPQEKREL,SPQEKR-EL,0,0,0,6,1,SPQEKREL,0.134,SPQEKREL,0.134,1.0,1.0,19.351,0.0,19.350513458252,TNS1,ENSG00000079308,18,9,0.0,8,8,"1,7",-1,True,0,4,0.13494152250058483
AVMKFKNPL,1,HLA-A*0201,AVMKFKNPL,AVMKFKNPL,0,0,0,0,0,AVMKFKNPL,2.733,AVMKFKNPP,17.59,0.963897,1.0,70.439,0.0,70.4388732910156,ECI1,ENSG00000167969,4,2,0.0,9,9,"1,8",8,True,4,-3,0.16846261480373362
AVSSCILAK,1,HLA-A*1101,AVSSCILAK,AVSSCILAK,0,0,0,0,0,AVSSCILAK,0.025,AVSSCILAM,3.96,0.977687,1.0,3.191,0.0,3.19098091125488,ASTN2,ENSG00000148219,8,4,0.0,9,9,"1,8",8,True,1,-1,0.17968504737465055
AYFLPRPPL,1,HLA-B*0702,AYFLPRPPL,AYFLPRPPL,0,0,0,0,0,AYFLPRPPL,1.933,AYFPPRPPL,1.088,0.897391,1.0,8.741,0.0,8.74100971221924,SLC49A4,ENSG00000138463,2,1,0.0,9,9,"1,8",3,False,4,-3,0.12961345259527768
CIVCTVDLEF,2,HLA-A*2402,IVCTVDLEF,IVCTVDLEF,0,0,0,0,0,IVCTVDLEF,2.409,IVCTVDPEF,2.058,0.906963,1.0,26.801,0.0,26.8007221221924,IPO9,ENSG00000198700,2,1,0.0,9,9,"1,8",6,False,4,-3,0.19515353730475166
CMLARLEVK,1,HLA-A*1101,CMLARLEVK,CMLARLEVK,0,0,0,0,0,CMLARLEVK,2.778,CMLARLEIK,2.994,0.989609,1.0,7.831,0.0,7.83101892471313,CEP192,ENSG00000101639,10,5,0.0,9,9,"1,8",7,False,3,3,0.13413075141926936
CYTADNEMEY,1,HLA-A*2402,CYTADNEMEY,CYADNEMEY,0,2,1,0,0,CYTADNEMEY,3.625,CYTADNEMGY,5.665,0.957246,1.0,0.011,0.0,0.010999639518559,ROS1,ENSG00000047936,3,2,0.0,10,10,"1,9",8,False,2,-2,0.12150298848773296
DHREIEGRVMF,3,HLA-B*1801,REIEGRVMF,REIEGRVMF,0,0,0,0,0,REIEGRVMF,0.079,REIEGRVMV,0.835,0.976822,1.0,0.241,0.0,0.240999162197113,PCSK9,ENSG00000169174,4,2,0.0,9,9,"1,8",8,True,2,-1,0.43789302013875
DLAGGTFDV,1,HLA-B*2705,DLAGGTFDV,DLAGGTFDV,0,0,0,0,0,DLAGGTFDV,40.6,DLGGGTFDV,58.571,0.950663,1.0,1179.911,501.695,1179.90983963013,HSPA5;HSPA8;HSPA2;HSPA6;HSPA1B;HSPA1A;HSPA1L,ENSG00000044574;ENSG00000109971;ENSG00000126803;ENSG00000173110;ENSG00000204388;ENSG00000204389;ENSG00000204390,3;17;2;1;1;2;1,3;7;2;1;1;2;1,1.0;0.0;1.0;1.0;1.0;1.0;1.0,9,9,"1,8",2,False,4,0,0.2270893962078429
DMKARQKAL,1,HLA-B*0801,DMKARQKAL,DMKARQKAL,0,0,0,0,0,DMKARQKAL,0.005,DMKARQEAL,0.004,0.960625,1.0,7.611,7.611,7.61107397079468,FAM50B,ENSG00000145945,2,2,1.0,9,9,"4,8",6,False,2,1,0.3803458421258464
DMWSIEVICY,3,HLA-B*3501,WSIEVICY,WSIEVI-CY,0,0,0,6,1,WSIEVICY,2.149,WSIGVICY,3.198,0.891202,1.0,19.261,0.0,19.260856628418,MYLK,ENSG00000065534,32,14,0.0,8,8,"0,1,7",3,False,2,-2,0.2102858500649396
DPILPELTRLL,1,HLA-B*3501,DPILPELTRL,DPILPELTL,0,8,1,0,0,DPILPELTRL,1.546,DPIPPELTRL,0.742,0.914837,1.0,18.161,0.0,18.16135597229,MYO19,ENSG00000278259,12,2,0.0,10,10,"1,9",3,False,4,-3,0.11330458757302513
EELSATVPS,1,HLA-B*1801,EELSATVPS,EELSATVPS,0,0,0,0,0,EELSATVPS,1.313,EEPSATVPS,3.88,0.921229,1.0,12.931,0.0,12.9313411712646,ATF7IP,ENSG00000171681,20,4,0.0,9,9,"1,8",2,False,4,-3,0.1348208921907767
FEIRARTAA,1,HLA-B*4002,FEIRARTAA,FEIRARTAA,0,0,0,0,0,FEIRARTAA,0.385,FQIRARTAA,3.667,0.974863,1.0,0.772,0.772,0.77201630640775,EPHA3;EPHA5,ENSG00000044524;ENSG00000145242,3;6,3;6,1.0;1.0,9,9,"1,8",1,True,2,2,0.21130710470282682
FLAKILKPL,1,HLA-A*0201,FLAKILKPL,FLAKILKPL,0,0,0,0,0,FLAKILKPL,0.202,FLAKIFKPL,0.436,0.943036,1.0,8.461,0.0,8.46083450317383,FASTKD3,ENSG00000124279,5,2,0.0,9,9,"1,8",5,False,6,0,0.2554087027148929
FLKRLELKPL,1,HLA-A*0201,FLKRLELKPL,FLKRLELKL,0,8,1,0,0,FLKRLELKPL,4.587,FLKRLESKPL,7.058,0.939159,1.0,374.572,0.0,374.572204589844,EIF5A,ENSG00000132507,9,1,0.0,10,10,"1,9",6,False,2,-2,0.15652446062705447
FLPRPPLPPSV,1,HLA-A*0201,FLPRPPLPPSV,FLPPLPPSV,0,2,2,0,0,FLPRPPLPPSV,0.191,FPPRPPLPPSV,6.559,0.967509,1.0,8.741,0.0,8.74100971221924,SLC49A4,ENSG00000138463,2,1,0.0,11,11,"1,10",1,True,4,-3,0.10963914808466584
FLYEKQHEL,1,HLA-B*0801,FLYEKQHEL,FLYEKQHEL,0,0,0,0,0,FLYEKQHEL,0.003,FLHEKQHEL,0.003,0.942462,1.0,5.541,0.0,5.54082202911377,KALRN,ENSG00000160145,31,16,0.0,9,9,"4,8",2,False,2,2,0.46622113924941944
FMEAVSSKYSM,1,HLA-A*0201,FMEAVSSKY,FMEAVSSKY,0,0,0,0,0,FMEAVSSKY,6.818,FMEAVSSKY,6.818,1.0,1.0,4.471,4.471,4.47100782394409,ME1,ENSG00000065833,1,1,1.0,9,9,"1,8",-1,True,0,7,0.11154073427900899
FMMPRIVDVT,1,HLA-A*0201,FMMPRIVDV,FMMPRIVDV,0,0,0,0,0,FMMPRIVDV,0.014,FMMPRIVNV,0.002,0.964191,1.0,4.201,0.0,4.20090436935425,MGA,ENSG00000174197,6,2,0.0,9,9,"1,8",7,False,2,1,0.3862933380713577
FPQGLPNEY,1,HLA-B*3501,FPQGLPNEY,FPQGLPNEY,0,0,0,0,0,FPQGLPNEY,0.002,FPQGLPDEY,0.003,0.942355,1.0,0.761,0.0,0.761016666889191,COL22A1,ENSG00000169436,3,2,0.0,9,9,"1,8",6,False,2,1,0.36352886436918297
FPRYAGLMV,1,HLA-B*0702,FPRYAGLMV,FPRYAGLMV,0,0,0,0,0,FPRYAGLMV,0.159,FPRYPGLMV,0.064,0.905825,1.0,8.561,0.0,8.56114387512207,ETV3,ENSG00000117036,2,1,0.0,9,9,"1,8",4,False,4,-1,0.3165100669184421
FQTSEKKFYI,2,HLA-A*0201,QTSEKKFYI,QTSEKKFYI,0,0,0,0,0,QTSEKKFYI,2.774,QTSEKKFHI,4.697,0.957775,1.0,18.582,18.582,18.581563949585,USP9X,ENSG00000124486,2,2,1.0,9,9,"1,8",7,False,2,2,0.17880639028454098
FSFPETQFIAV,1,HLA-A*0201,FSFPETQFI,FSFPETQFI,0,0,0,0,0,FSFPETQFI,0.802,FTFPETQFI,0.221,0.973908,1.0,0.001,0.001,0.0009999891044572,TBR1,ENSG00000136535,3,3,1.0,9,9,"1,8",1,True,6,1,0.18622457285776498
FTEPEVVFLQF,3,HLA-B*3501,EPEVVFLQF,EPEVVFLQF,0,0,0,0,0,EPEVVFLQF,0.145,EPEVVFLQS,4.69,0.973131,1.0,16.311,0.0,16.3113021850586,AGFG2,ENSG00000106351,3,2,0.0,9,9,"1,8",8,True,2,-2,0.26277972018079937
FVTETPLEV,1,HLA-A*0201,FVTETPLEV,FVTETPLEV,0,0,0,0,0,FVTETPLEV,0.033,FVTETPLEG,15.899,0.970752,1.0,71.859,71.859,71.8591537475586,CDKN1A,ENSG00000124762,5,5,1.0,9,9,"1,8",8,True,4,-3,0.4046724375817294
GACCPVCLK,1,HLA-A*1101,GACCPVCLK,GACCPVCLK,0,0,0,0,0,GACCPVCLK,1.407,GACCPVCLQ,20.0,0.984432,1.0,14.091,0.0,14.0909795761108,PXDN,ENSG00000130508,5,1,0.0,9,9,"1,8",8,True,2,1,0.1307953469464174
GLAMAGSLV,1,HLA-A*0201,GLAMAGSLV,GLAMAGSLV,0,0,0,0,0,GLAMAGSLV,2.208,GLAMAGSPV,2.351,0.942015,1.0,17.891,16.96,17.891450881958,SLC16A7;SLC16A1,ENSG00000118596;ENSG00000155380,13;6,6;6,0.0;1.0,9,9,"1,8",7,False,4,-3,0.16328045727343268
GLAQEYTTSL,1,HLA-A*0201,GLAQEYTTSL,GLAEYTTSL,0,3,1,0,0,GLAQEYTTSL,0.327,GLAQEDTTSL,0.312,0.908617,1.0,2.821,2.821,2.82098698616028,PTGER4,ENSG00000171522,1,1,1.0,10,10,"1,9",5,False,2,-3,0.12867391976392245
GLAYEIEPI,1,HLA-A*0201,GLAYEIEPI,GLAYEIEPI,0,0,0,0,0,GLAYEIEPI,0.65,GLTYEIEPI,1.516,0.950784,1.0,0.081,0.081,0.0810019224882126,ADAM21,ENSG00000139985,2,2,1.0,9,9,"1,8",2,False,4,0,0.17710342814279428
GLFRPYGSTV,1,HLA-A*0201,GLFRPYGSTV,GLFPYGSTV,0,3,1,0,0,GLFRPYGSTV,0.418,GLFRRYGSTV,2.764,0.897064,1.0,19.121,0.0,19.1211853027344,MEF2D,ENSG00000116604,5,2,0.0,10,10,"1,9",4,False,4,-2,0.12077083744422512
GLMGTEQLF,1,HLA-A*2402,GLMGTEQLF,GLMGTEQLF,0,0,0,0,0,GLMGTEQLF,1.555,GLMGTEQLS,56.25,0.972401,1.0,16.711,0.0,16.7106971740723,NCOA6,ENSG00000198646,5,2,0.0,9,9,"1,8",8,True,2,-2,0.15890698893272398
GLTSFFIAI,1,HLA-A*0201,GLTSFFIAI,GLTSFFIAI,0,0,0,0,0,GLTSFFIAI,0.588,GLTSFVIAI,0.27,0.937458,1.0,77.933,0.0,77.932975769043,CD47,ENSG00000196776,5,3,0.0,9,9,"1,8",5,False,2,-1,0.26282589954722735
GLYLELTPK,1,HLA-A*1101,GLYLELTPK,GLYLELTPK,0,0,0,0,0,GLYLELTPK,0.565,GLYLELTRK,0.564,0.937524,1.0,4.871,0.0,4.87093925476074,MANEA,ENSG00000172469,7,3,0.0,9,9,"1,8",7,False,4,-2,0.16323634643150592
GMLCSFQTPDA,2,HLA-A*0201,MLCSFQTPDA,MLCSFQTPA,0,8,1,0,0,MLCSFQTPDA,9.218,MLCSFQIPDA,6.907,0.939918,1.0,0.001,0.001,0.0009999891044572,DCAF4L2,ENSG00000176566,1,1,1.0,10,10,"1,9",6,False,3,-1,0.12880776226919236
GTSSLIIYK,1,HLA-A*1101,GTSSLIIYK,GTSSLIIYK,0,0,0,0,0,GTSSLIIYK,0.003,GTSSLFIYK,0.004,0.940473,1.0,5.161,5.161,5.16117668151855,BBS10,ENSG00000179941,1,1,1.0,9,9,"1,8",5,False,2,0,0.3025341861545756
HEIHIGYLEYV,1,HLA-B*4001,HEIHIGYL,HEIHIGY-L,0,0,0,7,1,HEIHIGYL,0.343,HEILIGYL,0.374,0.873621,1.0,27.692,0.0,27.6921081542969,CREBBP;EP300,ENSG00000005339;ENSG00000100393,7;3,3;2,0.0;0.0,8,8,"1,7",3,False,2,-3,0.5559615663701374
HIDDSDSITV,1,HLA-A*0201,HIDDSDSITV,HIDDSSITV,0,5,1,0,0,HIDDSDSITV,1.127,HMDDSDSITV,0.357,0.979985,1.0,12.741,0.0,12.7409420013428,KIAA1109,ENSG00000138688,15,6,0.0,10,10,"1,9",1,True,3,1,0.08391351564779961
HIDKWCLDLK,1,HLA-A*0301,HIDKWCLDLK,HIDKWCLLK,0,7,1,0,0,HIDKWCLDLK,2.351,HIDKWCRDLK,2.612,0.908336,1.0,3.291,0.0,3.29094052314758,DNAAF11,ENSG00000129295,7,5,0.0,10,10,"0,9",6,False,4,-2,0.13011812894921065
HIYEGQITAL,1,HLA-A*0201,HIYEGQITA,HIYEGQITA,0,0,0,0,0,HIYEGQITA,0.239,DIYEGQITA,2.237,0.966939,1.0,9.155,0.0,9.15499198436737,ABCA8;ABCA9;ABCA6;ABCA10;ABCA5,ENSG00000141338;ENSG00000154258;ENSG00000154262;ENSG00000154263;ENSG00000154265,5;4;2;9;11,4;2;1;3;4,0.0;0.0;0.0;0.0;0.0,9,9,"1,8",0,False,2,-1,0.23549247260960016
HLYAYHEEL,1,HLA-A*0201,HLYAYHEEL,HLYAYHEEL,0,0,0,0,0,HLYAYHEEL,0.105,HLYAYHEEP,5.253,0.967888,1.0,12.931,0.0,12.9313411712646,ATF7IP,ENSG00000171681,20,4,0.0,9,9,"1,8",8,True,4,-3,0.27185121663037226
HSRNTHLGKK,1,HLA-A*3001,HSRNTHLGK,HSRNTHLGK,0,0,0,0,0,HSRNTHLGK,0.009,HSRNRHLGK,0.022,0.918066,1.0,6.301,0.0,6.30108404159546,ADNP2,ENSG00000101544,5,1,0.0,9,9,"0,1,2,8",4,False,2,-1,0.2317981527304057
IAAISEQVRF,2,HLA-C*0303,AAISEQVRF,AAISEQVRF,0,0,0,0,0,AAISEQVRF,0.375,AAIREQVRF,0.702,0.936847,1.0,6.991,6.991,6.99100542068481,MBTPS2,ENSG00000012174,2,2,1.0,9,9,"1,8",3,False,6,-1,0.16575145634084318
ILQSNPLLEV,1,HLA-A*0201,ILQSNPLLEV,ILSNPLLEV,0,2,1,0,0,ILQSNPLLEV,0.343,ILQSNPLLEA,1.255,0.988459,1.0,38.592,0.0,38.5921330451965,MYO1F;MYO1E,ENSG00000142347;ENSG00000157483,5;6,2;1,0.0;0.0,10,10,"1,9",9,True,4,0,0.1097841623301358
ILRTLQQIKK,1,HLA-A*0301,ILRTLQQIK,ILRTLQQIK,0,0,0,0,0,ILRTLQQIK,0.38,VLRTLQQIK,0.311,0.995028,1.0,4.881,4.881,4.88107872009277,ABCA1,ENSG00000165029,4,4,1.0,9,9,"1,8",0,False,3,3,0.15634618682029483
IMSKELWPV,1,HLA-A*0201,IMSKELWPV,IMSKELWPV,0,0,0,0,0,IMSKELWPV,0.193,IISKELWPV,0.357,0.969867,1.0,7.691,0.0,7.69115352630615,ICE1,ENSG00000164151,2,1,0.0,9,9,"1,8",1,True,3,1,0.17246031113801089
IVFGVSQPDV,1,HLA-A*0201,IVFGVSQPDV,IVFGVSQPV,0,8,1,0,0,IVFGVSQPDV,3.267,IVSGVSQPDV,6.568,0.939863,1.0,1.891,0.0,1.8909353017807,DDIAS,ENSG00000165490,10,2,0.0,10,10,"1,9",2,False,2,-2,0.06849420392868276
IVILVVTGV,1,HLA-A*0201,IVILVVTGV,IVILVVTGV,0,0,0,0,0,IVILVVTGV,1.046,IVILVGTGV,2.302,0.927747,1.0,2.391,0.0,2.39097666740417,FLT4,ENSG00000037280,5,3,0.0,9,9,"1,8",5,False,4,-3,0.22218227184778297
KAPSDLYQF,1,HLA-A*2402,KAPSDLYQF,KAPSDLYQF,0,0,0,0,0,KAPSDLYQF,0.388,KAPSDLYQI,1.6,0.977299,1.0,103.645,0.0,103.644515991211,CAPN1,ENSG00000014216,16,6,0.0,9,9,"1,8",8,True,2,0,0.21263825721935503
KFRSSVYLL,1,HLA-A*2402,KFRSSVYLL,KFRSSVYLL,0,0,0,0,0,KFRSSVYLL,0.318,KFRSSLYLL,0.403,0.963461,1.0,5.061,0.0,5.06092119216919,MYO5C,ENSG00000128833,5,1,0.0,9,9,"1,8",5,False,6,1,0.14736498003549153
KITDFGRAK,1,HLA-A*1101,KITDFGRAK,KITDFGRAK,0,0,0,0,0,KITDFGRAK,0.218,KITDFGLAK,0.042,0.923289,1.0,11.351,0.0,11.3506259918213,EGFR,ENSG00000146648,7,3,0.0,9,9,"1,8",6,False,4,-2,0.29602719578159065
KLFEFLVYGV,1,HLA-A*0201,KLFEFLVYGV,KLFEFLVGV,0,7,1,0,0,KLFEFLVYGV,0.109,KLFEFLVHGV,0.061,0.95262,1.0,16.311,0.0,16.3113021850586,SMARCD3,ENSG00000082014,6,1,0.0,10,10,"1,9",7,False,2,2,0.3167683433428655
KLFHDMNVSY,2,HLA-A*2902,LFHDMNVSY,LFHDMNVSY,0,0,0,0,0,LFHDMNVSY,0.012,LFHDMNVNY,0.018,0.963597,1.0,12.851,12.851,12.8509225845337,GLRX2,ENSG00000023572,3,3,1.0,9,9,8,7,False,2,1,0.3334380956099393
KLNFRLFVI,1,HLA-A*0201,KLNFRLFVI,KLNFRLFVI,0,0,0,0,0,KLNFRLFVI,1.642,KLNSRLFVI,0.402,0.91221,1.0,9.091,0.0,9.09075450897217,CRY1,ENSG00000008405,2,1,0.0,9,9,"1,8",3,False,2,-2,0.13768787248591824
KLSHQLVLL,1,HLA-A*0201,KLSHQLVLL,KLSHQLVLL,0,0,0,0,0,KLSHQLVLL,0.091,KLSHQPVLL,0.11,0.900242,1.0,11.211,0.0,11.2106657028198,SNX24,ENSG00000064652,6,4,0.0,9,9,"1,8",5,False,4,-3,0.3988141127772724
KLSPQQDAGV,1,HLA-A*0201,KLSPQQDAGV,KLSPQQAGV,0,6,1,0,0,KLSPQQDAGV,0.882,KLSPQQDAGG,40.5,0.978714,1.0,0.531,0.0,0.53100597858429,GPRC5D,ENSG00000111291,2,1,0.0,10,10,"1,9",9,True,4,-3,0.0659041667029691
KLTRRPIFI,1,HLA-A*0201,KLTRRPIFI,KLTRRPIFI,0,0,0,0,0,KLTRRPIFI,1.262,ELTRRPIFI,5.708,0.984004,1.0,40.16,0.0,40.1603507995605,SIGIRR,ENSG00000185187,9,5,0.0,9,9,"1,8",0,False,2,1,0.15855861829421256
KLVVVGAVGV,1,HLA-A*0201,KLVVVGAVGV,KLVVGAVGV,0,2,1,0,0,KLVVVGAVGV,3.037,KLVVVGAGGV,5.818,0.949615,1.0,83.541,17.211,83.5416688919067,KRAS;HRAS;NRAS,ENSG00000133703;ENSG00000174775;ENSG00000213281,13;8;1,11;7;1,0.0;0.0;1.0,10,10,"1,9",7,False,4,-3,0.3423776056949124
KLYQCNECK,1,HLA-A*0301,KLYQCNECK,KLYQCNECK,0,0,0,0,0,KLYQCNECK,0.234,KSYQCNECK,0.945,0.944682,1.0,11.991,0.0,11.9911651611328,ZNF226,ENSG00000167380,18,3,0.0,9,9,"1,8",1,True,2,-2,0.19171977424691006
KMVEAMATGI,1,HLA-A*0201,KMVEAMATGI,KMVEAMATI,0,8,1,0,0,KMVEAMATGI,2.558,KMVEAMATEI,2.107,0.963773,1.0,0.001,0.001,0.0009999891044572,ADGRG4,ENSG00000156920,3,3,1.0,10,10,"1,9",8,False,2,-2,0.15077338533995926
KPFHSLSSF,1,HLA-B*3501,KPFHSLSSF,KPFHSLSSF,0,0,0,0,0,KPFHSLSSF,0.092,KPFHSLSPF,0.218,0.948043,1.0,3.791,0.0,3.79105663299561,ZNF136,ENSG00000196646,5,2,0.0,9,9,"1,8",7,False,4,-1,0.19680331941669588
KQWLVWLAL,1,HLA-A*0206,KQWLVWLAL,KQWLVWLAL,0,0,0,0,0,KQWLVWLAL,0.715,KQWLVWLLL,0.686,0.957039,1.0,3.491,0.0,3.49090242385864,HHAT,ENSG00000054392,9,7,0.0,9,9,"1,8",7,False,0,-1,0.263687721756305
KRHEVPVPL,1,HLA-B*2705,KRHEVPVPL,KRHEVPVPL,0,0,0,0,0,KRHEVPVPL,0.054,KRYEVPVPL,0.014,0.937773,1.0,0.022,0.0,0.0219995063962415,SI;MGAM2,ENSG00000090402;ENSG00000257743,2;2,1;1,0.0;0.0,9,9,"1,8",2,False,2,2,0.22782526159693423
KSSPFTAAA,1,HLA-C*1502,KSSPFTAAA,KSSPFTAAA,0,0,0,0,0,KSSPFTAAA,0.904,KSSPFSAAA,1.246,0.966282,1.0,3.191,0.0,3.19098091125488,GATA2,ENSG00000179348,11,4,0.0,9,9,"1,8",5,False,6,1,0.10889855744458024
KTFEVVPEI,1,HLA-A*0201,KTFEVVPEI,KTFEVVPEI,0,0,0,0,0,KTFEVVPEI,0.056,KTFQVVPEI,0.344,0.956821,1.0,15.261,0.0,15.2612371444702,PHACTR4,ENSG00000204138,6,2,0.0,9,9,"1,8",3,False,2,2,0.29736808525373243
KTNRIALILA,1,HLA-A*3001,KTNRIALIL,KTNRIALIL,0,0,0,0,0,KTNRIALIL,0.402,KTNRIARIL,0.317,0.933017,1.0,0.022,0.021,0.0219995063962415,GRM1;GRM5,ENSG00000152822;ENSG00000168959,5;5,5;3,1.0;0.0,9,9,"0,1,2,8",6,False,4,-2,0.18944305600965522
KVIQASMFDQK,1,HLA-A*1101,KVIQASMFDQK,KVIQASMQK,0,7,2,0,0,KVIQASMFDQK,0.102,KVIQAGMFDQK,0.129,0.947942,1.0,109.933,0.0,109.932590484619,SMARCA2;SMARCA4,ENSG00000080503;ENSG00000127616,48;41,6;30,0.0;0.0,11,11,"0,1,10",5,False,2,0,0.16771536521891664
KVLGKGSFAK,1,HLA-A*0301,KVLGKGSFAK,KVLGKGSFK,0,8,1,0,0,KVLGKGSFAK,0.04,KVLGKGGFAK,0.079,0.947979,1.0,19.861,19.861,19.8614635467529,PLK2,ENSG00000145632,2,2,1.0,10,10,"0,9",6,False,2,0,0.18133501727542758
KYLQCPLKF,1,HLA-A*2402,KYLQCPLKF,KYLQCPLKF,0,0,0,0,0,KYLQCPLKF,0.014,KYLQCPLEF,0.017,0.962322,1.0,0.541,0.541,0.540999829769135,TRPA1,ENSG00000104321,2,2,1.0,9,9,"1,8",7,False,2,1,0.21067129073394733
KYPRKGHVV,1,HLA-A*2402,KYPRKGHVV,KYPRKGHVV,0,0,0,0,0,KYPRKGHVV,0.259,KYPRKGHVE,5.041,0.97214,1.0,21.441,0.0,21.4409961700439,LZTR1,ENSG00000099949,11,1,0.0,9,9,"1,8",8,True,2,-2,0.18037125174868948
LASYFFWGL,1,HLA-A*0201,LASYFFWGL,LASYFFWGL,0,0,0,0,0,LASYFFWGL,9.632,LASHFFWGL,6.555,0.927616,1.0,44.192,32.061,44.1917378902435,CHKB;ETNK1;CHKB-CPT1B,ENSG00000100288;ENSG00000139163;ENSG00000254413,1;7;1,1;2;1,1.0;0.0;1.0,9,9,"1,8",3,False,2,2,0.30280985918258074
LESAPINTPL,2,HLA-B*0702,ESAPINTPL,ESAPINTPL,0,0,0,0,0,ESAPINTPL,2.137,ESVPINTPL,3.449,0.954858,1.0,0.161,0.0,0.160996362566948,FAT2,ENSG00000086570,2,1,0.0,9,9,"1,8",2,False,4,0,0.10577475794087939
LFYLGSSTAF,3,HLA-B*1501,YLGSSTAF,YLG-SSTAF,0,0,0,3,1,YLGSSTAF,1.691,YLGSSTAS,34.133,0.964998,1.0,1.171,1.171,1.17096662521362,LAMA1,ENSG00000101680,1,1,1.0,8,8,"1,7",7,True,2,-2,0.1128918464602092
LLGCVMYTLL,1,HLA-A*0211,LLGCVMYTL,LLGCVMYTL,0,0,0,0,0,LLGCVMYTL,1.346,SLGCVMYTL,0.684,0.974602,1.0,11.818,11.818,11.8179044723511,PLK3,ENSG00000173846,1,1,1.0,9,9,"1,8",0,False,2,-2,0.27532540905482206
LLGSVNNLL,1,HLA-A*0201,LLGSVNNLL,LLGSVNNLL,0,0,0,0,0,LLGSVNNLL,0.474,LLGSVNSLL,0.573,0.956993,1.0,46.87,0.0,46.870231628418,SIL1,ENSG00000120725,9,3,0.0,9,9,"1,8",6,False,2,1,0.18380150938554402
LLHGFSFYL,1,HLA-A*0201,LLHGFSFYL,LLHGFSFYL,0,0,0,0,0,LLHGFSFYL,0.083,LLHGFSFHL,0.092,0.952993,1.0,9.311,0.0,9.31076717376709,PORCN,ENSG00000102312,12,7,0.0,9,9,"1,8",7,False,2,2,0.3939098068823326
LLLEVVWHL,1,HLA-A*0201,LLLEVVWHL,LLLEVVWHL,0,0,0,0,0,LLLEVVWHL,0.02,LLLEAVWHL,0.014,0.946017,1.0,9.941,0.0,9.94106197357178,FANCA,ENSG00000187741,34,18,0.0,9,9,"1,8",4,False,4,0,0.2876548840023208
LLPHYASAK,1,HLA-A*1101,LLPHYASAK,LLPHYASAK,0,0,0,0,0,LLPHYASAK,2.669,FLPHYASAK,3.253,0.980349,1.0,23.382,23.382,23.38157081604,HECTD3,ENSG00000126107,2,2,1.0,9,9,"1,8",0,False,6,0,0.13647216776239407
LLPPVYLTF,1,HLA-A*2402,LLPPVYLTF,LLPPVYLTF,0,0,0,0,0,LLPPVYLTF,0.019,PLPPVYLTF,0.048,0.966401,1.0,0.441,0.441,0.441015124320984,IL13RA2,ENSG00000123496,2,2,1.0,9,9,"1,8",0,False,4,-3,0.3323598640071376
LLQICERIPTI,3,HLA-A*0201,QICERIPTI,QICERIPTI,0,0,0,0,0,QICERIPTI,1.035,QVCERIPTI,1.185,0.986987,1.0,34.78,0.0,34.7803382873535,VCL,ENSG00000035403,3,2,0.0,9,9,"1,8",1,True,3,3,0.133938980874883
LLQVYCEMYGL,3,HLA-A*0201,QVYCEMYGL,QVYCEMYGL,0,0,0,0,0,QVYCEMYGL,4.663,QVDCEMYGL,7.368,0.888834,1.0,4.151,0.0,4.15111827850342,APC,ENSG00000134982,9,5,0.0,9,9,"1,8",2,False,2,-3,0.23212197550828048
LPGLPGNGL,1,HLA-B*0702,LPGLPGNGL,LPGLPGNGL,0,0,0,0,0,LPGLPGNGL,0.107,PPGLPGNGL,1.384,0.963929,1.0,0.391,0.391,0.390989005565643,COL4A6,ENSG00000197565,5,5,1.0,9,9,"1,8",0,False,4,-3,0.20230250813237477
LPMETPLVI,1,HLA-B*3501,LPMETPLVI,LPMETPLVI,0,0,0,0,0,LPMETPLVI,0.15,LPMETPLVV,0.137,0.994682,1.0,0.001,0.001,0.0009999891044572,SERPINA12,ENSG00000165953,3,3,1.0,9,9,"1,8",8,True,3,3,0.25902692161609825
LPRAKKLIL,1,HLA-B*0801,LPRAKKLIL,LPRAKKLIL,0,0,0,0,0,LPRAKKLIL,0.019,LPRAKELIL,0.047,0.953032,1.0,13.341,0.0,13.3410472869873,TLE2,ENSG00000065717,11,6,0.0,9,9,"4,8",5,False,2,1,0.3363306963028594
LTFNQCYGV,1,HLA-A*0201,LTFNQCYGV,LTFNQCYGV,0,0,0,0,0,LTFNQCYGV,2.765,LKFNQCYGV,31.25,0.951357,1.0,9.141,0.0,9.14130401611328,FAXDC2,ENSG00000170271,10,2,0.0,9,9,"1,8",1,True,2,-1,0.25201147553837705
LVIGMPPPV,1,HLA-A*0201,LVIGMPPPV,LVIGMPPPV,0,0,0,0,0,LVIGMPPPV,0.485,RVIGMPPPV,0.303,0.97541,1.0,0.011,0.0,0.010999639518559,MYPN,ENSG00000138347,17,4,0.0,9,9,"1,8",0,False,4,-2,0.30214682976982743
LYIVDGMAQLM,1,HLA-A*2402,LYIVDGMAQL,LYIDGMAQL,0,3,1,0,0,LYIVDGMAQL,0.463,LDIVDGMAQL,27.8,0.949488,1.0,35.342,0.0,35.3417129516602,CCNDBP1,ENSG00000166946,8,3,0.0,10,10,"1,9",1,True,2,-3,0.16996671080806902
LYYEYWSNF,1,HLA-A*2402,LYYEYWSNF,LYYEYWSNF,0,0,0,0,0,LYYEYWSNF,0.013,LYYEYWSTF,0.006,0.955539,1.0,0.001,0.001,0.0009999891044572,MAS1,ENSG00000130368,2,2,1.0,9,9,"1,8",7,False,2,0,0.3159493433108393
MASISSFLLVR,3,HLA-A*1101,SISSFLLVR,SISSFLLVR,0,0,0,0,0,SISSFLLVR,0.177,SISSSLLVR,0.19,0.928498,1.0,6.201,0.0,6.20099639892578,SSPN,ENSG00000123096,5,2,0.0,9,9,"1,8",4,False,2,-2,0.20639954389034668
MAVGISHLK,1,HLA-A*1101,MAVGISHLK,MAVGISHLK,0,0,0,0,0,MAVGISHLK,0.231,MAVGISDLK,0.896,0.92134,1.0,3.151,0.0,3.15097880363464,INPP4B,ENSG00000109452,18,7,0.0,9,9,"1,8",6,False,2,-1,0.24255395962533305
MLAEKTVQV,1,HLA-A*0201,MLAEKTVQV,MLAEKTVQV,0,0,0,0,0,MLAEKTVQV,0.003,MPAEKTVQV,2.845,0.940171,1.0,14.781,0.0,14.7812871932983,PLBD1,ENSG00000121316,3,2,0.0,9,9,"1,8",1,True,4,-3,0.32086097631929394
MLLENKAVEK,1,HLA-A*0301,MLLENKAVEK,MLLNKAVEK,0,3,1,0,0,MLLENKAVEK,0.505,MLLENKAVKK,0.393,0.979132,1.0,3.551,0.0,3.55093765258789,WRN,ENSG00000165392,3,1,0.0,10,10,"0,9",8,False,2,1,0.16729036362310762
MLMLAVIVA,1,HLA-A*0201,MLMLAVIVA,MLMLAVIVA,0,0,0,0,0,MLMLAVIVA,1.873,MLMFAVIVA,1.584,0.954558,1.0,15.461,15.461,15.4614105224609,CHST14,ENSG00000169105,2,2,1.0,9,9,"1,8",3,False,6,0,0.285152175993938
MLQQQPSPPV,2,HLA-A*0201,LQQQPSPPV,LQQQPSPPV,0,0,0,0,0,LQQQPSPPV,1.163,LQQQPSAPV,2.164,0.939636,1.0,100.88,0.0,100.880256652832,SEC31A,ENSG00000138674,30,16,0.0,9,9,"1,8",6,False,4,-1,0.14254502778696163
MMFPAQPFGL,1,HLA-A*0201,MMFPAQPFGL,MMFPQPFGL,0,4,1,0,0,MMFPAQPFGL,0.431,MMFPAPPFGL,0.295,0.90475,1.0,0.341,0.0,0.340989679098129,SHOX2,ENSG00000168779,4,3,0.0,10,10,"1,9",5,False,2,-1,0.12453164505258744
MTFSDVLTL,1,HLA-A*0201,MTFSDVLTL,MTFSDVLTL,0,0,0,0,0,MTFSDVLTL,0.499,MTFSDGLTL,1.386,0.907889,1.0,46.524,0.0,46.5241720676422,RARB;RARA;RARG,ENSG00000077092;ENSG00000131759;ENSG00000172819,20;7;7,9;6;4,0.0;0.0;0.0,9,9,"1,8",5,False,4,-3,0.27528370727975987
MTLHGFMMY,1,HLA-A*3001,MTLHGFMMY,MTLHGFMMY,0,0,0,0,0,MTLHGFMMY,2.333,MTLDGFMMY,2.167,0.902022,1.0,24.091,0.0,24.0906257629395,PLCD3,ENSG00000161714,4,1,0.0,9,9,"0,1,2,8",3,False,2,-1,0.33220941411224353
NISEDVIFF,1,HLA-A*2501,NISEDVIFF,NISEDVIFF,0,0,0,0,0,NISEDVIFF,0.239,NISEDVIFS,27.0,0.972689,1.0,14.911,0.0,14.9109468460083,IPO8,ENSG00000133704,10,2,0.0,9,9,"0,1,8",8,True,2,-2,0.34515264232026077
NLWIPSSSLAK,3,HLA-A*1101,WIPSSSLAK,WIPSSSLAK,0,0,0,0,0,WIPSSSLAK,1.233,WIPSSSLAE,36.0,0.986898,1.0,24.9,0.0,24.9004516601562,KDM3B,ENSG00000120733,4,1,0.0,9,9,"1,8",8,True,2,1,0.10198270870007611
NPDVNITNLEF,1,HLA-B*0702,NPDVNITNL,NPDVNITNL,0,0,0,0,0,NPDVNITNL,0.375,DPDVNITNL,0.991,0.980445,1.0,3.241,0.0,3.24091243743896,IL7R,ENSG00000168685,7,4,0.0,9,9,"1,8",0,False,2,1,0.18753868929317957
NPLMCRLLGI,2,HLA-A*0201,PLMCRLLGI,PLMCRLLGI,0,0,0,0,0,PLMCRLLGI,9.343,PHVCRLLGI,80.0,0.890182,1.0,11.351,0.0,11.3506259918213,EGFR,ENSG00000146648,7,3,0.0,9,9,"1,8","1,2",True,3,-2,0.19953510179613093
NPLVNSLSL,1,HLA-B*0702,NPLVNSLSL,NPLVNSLSL,0,0,0,0,0,NPLVNSLSL,0.173,NPPVNSLSL,0.388,0.914989,1.0,70.439,70.439,70.4388732910156,ECI1,ENSG00000167969,4,4,1.0,9,9,"1,8",2,False,4,-3,0.2252235339851984
PLLPALSPGL,2,HLA-A*0201,LLPALSPGL,LLPALSPGL,0,0,0,0,0,LLPALSPGL,0.337,LLPALSPGS,9.741,0.975671,1.0,35.992,0.0,35.9918899536133,STX5,ENSG00000162236,7,1,0.0,9,9,"1,8",8,True,2,-2,0.14243266269901922
PPTSPVQTPL,1,HLA-B*0702,PPTSPVQTPL,PPSPVQTPL,0,2,1,0,0,PPTSPVQTPL,1.386,PPTSPVRTPL,0.533,0.954963,1.0,8.761,0.0,8.76102733612061,PLEKHA7,ENSG00000166689,10,7,0.0,10,10,"1,9",6,False,2,1,0.07881170005473967
QEECLWMAV,1,HLA-B*4002,QEECLWMAV,QEECLWMAV,0,0,0,0,0,QEECLWMAV,2.4,QEECLGMAV,1.836,0.862757,1.0,3.551,0.0,3.55093765258789,JAK2,ENSG00000096968,3,2,0.0,9,9,"1,8",5,False,1,-2,0.3031991471043379
QLPGPIWEFL,1,HLA-A*0201,QLPGPIWEFL,QLPGPIWEL,0,8,1,0,0,QLPGPIWEFL,0.729,QLPGPIREFL,1.691,0.877073,1.0,28.72,0.0,28.7203216552734,SOCS3,ENSG00000184557,2,1,0.0,10,10,"1,9",6,False,2,-3,0.16616396471502184
QQEIQILKAL,2,HLA-B*4001,QEIQILKAL,QEIQILKAL,0,0,0,0,0,QEIQILKAL,0.025,REIQILKAL,0.013,0.98346,1.0,3.021,3.021,3.02094507217407,JAK3,ENSG00000105639,3,3,1.0,9,9,"1,8",0,False,2,1,0.25751751140413476
QVMPIACGNK,1,HLA-A*0301,QVMPIACGNK,QVMPIAGNK,0,6,1,0,0,QVMPIACGNK,0.791,EVMPIACGNK,2.757,0.989648,1.0,0.531,0.0,0.53100597858429,STAC,ENSG00000144681,4,1,0.0,10,10,"0,9",0,True,2,2,0.07437345231577494
RAYQDKWAEK,1,HLA-A*1101,RAYQDKWAEK,RAYDKWAEK,0,3,1,0,0,RAYQDKWAEK,0.446,RAHQDKWAEK,1.363,0.947453,1.0,27.69,0.0,27.6901321411133,ARHGAP17,ENSG00000140750,9,2,0.0,10,10,"0,1,9",2,False,2,2,0.11782637728781416
REIPLNQPF,1,HLA-B*1501,REIPLNQPF,REIPLNQPF,0,0,0,0,0,REIPLNQPF,0.758,REIPLSQPF,0.547,0.940283,1.0,0.221,0.0,0.220997199416161,DNAH10,ENSG00000197653,7,4,0.0,9,9,"1,8",5,False,2,1,0.09395447708455247
REMEKGSPFL,1,HLA-B*0702,REMEKGSPF,REMEKGSPF,0,0,0,0,0,REMEKGSPF,2.453,REMEKGSPS,14.395,0.971355,1.0,22.291,0.0,22.2911624908447,TBC1D14,ENSG00000132405,8,5,0.0,9,9,"1,8",8,True,2,-2,0.10318023702794858
RIYTGEKPY,1,HLA-B*1501,RIYTGEKPY,RIYTGEKPY,0,0,0,0,0,RIYTGEKPY,0.116,RIHTGEKPY,0.185,0.935123,1.0,3063.491,380.129,1289.00584434357,ZNF195;ZFX;ZNF263;ZNF200;ZNF582;ZNF275;ZNF76;ZFY;ZNF37A;ZNF510;ZNF302;ZNF268;ZNF184;KLF8;ZNF629;ZNF174;ZNF175;ZNF85;ZKSCAN1;ZBTB16;BCL6;ZNF142;ZNF684;ZNF430;ZFP30;ZNF549;ZSCAN20;ZNF205;ZNF45;ZNF391;ZNF484;ZNF835;ZNF557;ZNF317;ZNF426;ZNF331;ZNF236;ZNF141;ZNF132;ZFP37;ZNF189;ZSCAN29;ZNF287;ZIM3;ZFP14;ZNF787;ZNF473;ZNF614;ZNF660;ZNF300;ZNF92;ZNF157;ZNF182;ZNF41;ZNF7;ZNF117;ZNF599;ZKSCAN2;ZNF689;ZNF19;ZSCAN12;ZNF233;ZNF235;ZNF66;ZNF208;ZNF761;ZNF714;ZNF394;ZNF382;ZNF577;BCL6B;ZNF691;PRDM9;ZNF22;ZNF319;ZNF143;ZNF3;ZSCAN21;ZNF606;ZBTB39;ZNF91;ZNF23;ZNF226;ZNF180;ZNF528;ZNF701;ZNF283;ZNF83;ZNF558;ZNF597;ZNF30;ZNF354A;ZNF32;ZNF768;ZNF778;ZNF160;ZNF415;ZNF439;ZNF562;ZNF561;ZNF540;ZNF570;ZNF554;ZNF24;ZNF596;ZNF621;ZNF680;ZNF483;ZNF449;ZNF791;ZNF266;ZNF613;ZNF404;ZNF135;ZSCAN2;ZNF491;ZNF620;ZNF619;ZNF354C;ZNF454;ZNF543;ZNF354B;ZNF713;ZNF852;ZNF552;ZNF816;ZNF571;ZSCAN4;ZNF594;ZFP3;ZNF572;ZFP82;ZNF678;ZNF329;ZNF716;ZNF708;ZSCAN22;ZNF721;ZNF662;ZNF320;ZNF730;ZFP1;ZNF93;ZFP90;ZNF479;ZNF445;ZNF74;ZNF829;ZNF267;ZNF566;ZNF529;ZNF284;ZNF749;ZNF555;ZNF75D;ZNF501;ZNF197;ZNF732;ZNF397;ZSCAN30;ZNF546;ZNF286A;ZKSCAN4;ZNF70;ZFP69B;ZFP69;ZSCAN23;ZNF490;ZNF626;ZNF383;ZNF669;ZNF563;ZNF567;ZNF573;ZNF527;ZNF600;ZKSCAN3;ZNF724;ZNF676;ZNF699;ZNF250;ZNF79;ZNF681;ZNF766;ZNF107;ZNF471;ZNF836;ZNF493;ZKSCAN7;ZNF565;ZNF34;ZNF781;ZNF765;ZNF569;ZNF605;ZNF782;ZNF846;ZNF502;ZFP62;ZNF431;ZNF700;ZSCAN16;;ZFP28;ZNF585A;ZNF429;ZNF470;ZNF100;ZSCAN25;ZNF420;ZSCAN26;ZNF679;ZNF682;ZNF257;ZNF785;ZNF165;KRBOX5;ZNF98;ZNF675;ZNF860;ZNF695;ZNF665;ZNF624;ZNF841;ZNF615;ZNF81;ZNF461;ZNF181;ZNF44;ZNF790;ZNF677;ZNF823;ZNF311;ZNF347;ZNF71;ZNF121;ZNF560;ZNF273;ZNF84;ZNF667;ZNF544;ZNF251;ZNF607;ZNF334;ZNF485;ZKSCAN8;ZNF442;ZNF69;ZNF583;ZNF568;ZNF480;ZNF808;ZNF43;ZNF28;ZNF627;ZNF536;ZNF534;ZFP2;ZNF814;ZNF805;ZNF468;ZNF616;ZNF611;ZNF254;ZNF888;ZNF845;ZNF726;ZNF90;REPIN1;ZNF891;ZNF727;ZNF880;ZNF630;ZNF735;ZKSCAN8P1;ZNF717;ZNF492;;ZNF879;ZNF736;ZSCAN31;ZNF853;ZNF737;ZNF722P;ZNF709;ZNF585B;ZNF718;GLI4;ZNF674;ZNF345;ZNF550;ZNF260;ZNF286A-TBC1D26;ZNF10;ZNF350;ZNF253;ZNF878;ZNF234;ZNF850;ZNF723;ZNF728;;ZNF595;ZNF658;ZNF8,ENSG00000005801;ENSG00000005889;ENSG00000006194;ENSG00000010539;ENSG00000018869;ENSG00000063587;ENSG00000065029;ENSG00000067646;ENSG00000075407;ENSG00000081386;ENSG00000089335;ENSG00000090612;ENSG00000096654;ENSG00000102349;ENSG00000102870;ENSG00000103343;ENSG00000105497;ENSG00000105750;ENSG00000106261;ENSG00000109906;ENSG00000113916;ENSG00000115568;ENSG00000117010;ENSG00000118620;ENSG00000120784;ENSG00000121406;ENSG00000121903;ENSG00000122386;ENSG00000124459;ENSG00000124613;ENSG00000127081;ENSG00000127903;ENSG00000130544;ENSG00000130803;ENSG00000130818;ENSG00000130844;ENSG00000130856;ENSG00000131127;ENSG00000131849;ENSG00000136866;ENSG00000136870;ENSG00000140265;ENSG00000141040;ENSG00000141946;ENSG00000142065;ENSG00000142409;ENSG00000142528;ENSG00000142556;ENSG00000144792;ENSG00000145908;ENSG00000146757;ENSG00000147117;ENSG00000147118;ENSG00000147124;ENSG00000147789;ENSG00000152926;ENSG00000153896;ENSG00000155592;ENSG00000156853;ENSG00000157429;ENSG00000158691;ENSG00000159915;ENSG00000159917;ENSG00000160229;ENSG00000160321;ENSG00000160336;ENSG00000160352;ENSG00000160908;ENSG00000161298;ENSG00000161551;ENSG00000161940;ENSG00000164011;ENSG00000164256;ENSG00000165512;ENSG00000166188;ENSG00000166478;ENSG00000166526;ENSG00000166529;ENSG00000166704;ENSG00000166860;ENSG00000167232;ENSG00000167377;ENSG00000167380;ENSG00000167384;ENSG00000167555;ENSG00000167562;ENSG00000167637;ENSG00000167766;ENSG00000167785;ENSG00000167981;ENSG00000168661;ENSG00000169131;ENSG00000169740;ENSG00000169957;ENSG00000170100;ENSG00000170949;ENSG00000170954;ENSG00000171291;ENSG00000171466;ENSG00000171469;ENSG00000171817;ENSG00000171827;ENSG00000172006;ENSG00000172466;ENSG00000172748;ENSG00000172888;ENSG00000173041;ENSG00000173258;ENSG00000173275;ENSG00000173875;ENSG00000174652;ENSG00000176024;ENSG00000176222;ENSG00000176293;ENSG00000176371;ENSG00000177599;ENSG00000177842;ENSG00000177873;ENSG00000177932;ENSG00000178187;ENSG00000178229;ENSG00000178338;ENSG00000178665;ENSG00000178917;ENSG00000178935;ENSG00000180257;ENSG00000180479;ENSG00000180532;ENSG00000180626;ENSG00000180787;ENSG00000180938;ENSG00000181007;ENSG00000181450;ENSG00000181894;ENSG00000182111;ENSG00000182141;ENSG00000182318;ENSG00000182903;ENSG00000182983;ENSG00000182986;ENSG00000183850;ENSG00000184517;ENSG00000184635;ENSG00000184939;ENSG00000185177;ENSG00000185219;ENSG00000185252;ENSG00000185869;ENSG00000185947;ENSG00000186017;ENSG00000186020;ENSG00000186026;ENSG00000186230;ENSG00000186300;ENSG00000186376;ENSG00000186446;ENSG00000186448;ENSG00000186777;ENSG00000186812;ENSG00000186814;ENSG00000187187;ENSG00000187607;ENSG00000187626;ENSG00000187792;ENSG00000187801;ENSG00000187815;ENSG00000187987;ENSG00000188033;ENSG00000188171;ENSG00000188283;ENSG00000188295;ENSG00000188868;ENSG00000189042;ENSG00000189144;ENSG00000189164;ENSG00000189190;ENSG00000189298;ENSG00000196081;ENSG00000196109;ENSG00000196110;ENSG00000196150;ENSG00000196152;ENSG00000196172;ENSG00000196214;ENSG00000196247;ENSG00000196263;ENSG00000196267;ENSG00000196268;ENSG00000196345;ENSG00000196357;ENSG00000196378;ENSG00000196381;ENSG00000196417;ENSG00000196437;ENSG00000196458;ENSG00000196597;ENSG00000196605;ENSG00000196653;ENSG00000196670;ENSG00000196705;ENSG00000196757;ENSG00000196812;ENSG00000196826;ENSG00000196867;ENSG00000196967;ENSG00000197013;ENSG00000197016;ENSG00000197020;ENSG00000197037;ENSG00000197050;ENSG00000197062;ENSG00000197123;ENSG00000197124;ENSG00000197134;ENSG00000197162;ENSG00000197279;ENSG00000197302;ENSG00000197360;ENSG00000197372;ENSG00000197385;ENSG00000197472;ENSG00000197497;ENSG00000197566;ENSG00000197608;ENSG00000197619;ENSG00000197779;ENSG00000197808;ENSG00000197841;ENSG00000197857;ENSG00000197863;ENSG00000197928;ENSG00000197933;ENSG00000197935;ENSG00000197937;ENSG00000197951;ENSG00000197961;ENSG00000198028;ENSG00000198039;ENSG00000198040;ENSG00000198046;ENSG00000198131;ENSG00000198169;ENSG00000198182;ENSG00000198185;ENSG00000198298;ENSG00000198315;ENSG00000198342;ENSG00000198429;ENSG00000198440;ENSG00000198453;ENSG00000198464;ENSG00000198482;ENSG00000198521;ENSG00000198538;ENSG00000198551;ENSG00000198597;ENSG00000198633;ENSG00000198939;ENSG00000204514;ENSG00000204524;ENSG00000204604;ENSG00000204611;ENSG00000213020;ENSG00000213096;ENSG00000213793;ENSG00000213799;ENSG00000213967;ENSG00000213988;ENSG00000214022;ENSG00000214029;ENSG00000214652;ENSG00000221923;ENSG00000221994;ENSG00000223614;ENSG00000226314;ENSG00000227124;ENSG00000229676;ENSG00000233757;ENSG00000234284;ENSG00000234444;ENSG00000235109;ENSG00000236609;ENSG00000237440;ENSG00000241149;ENSG00000242852;ENSG00000245680;ENSG00000250312;ENSG00000250571;ENSG00000251192;ENSG00000251247;ENSG00000251369;ENSG00000254004;ENSG00000255104;ENSG00000256223;ENSG00000256683;ENSG00000256771;ENSG00000257446;ENSG00000263002;ENSG00000267041;ENSG00000268696;ENSG00000269067;ENSG00000269825;ENSG00000272602;ENSG00000274349;ENSG00000278129,22;7;8;7;6;3;5;5;4;2;11;16;3;4;1;5;4;9;5;13;7;6;4;5;8;4;3;6;4;2;4;2;2;4;5;20;5;3;1;3;4;6;3;1;2;3;8;4;3;5;4;1;2;4;10;2;5;2;1;12;3;6;6;3;6;6;9;3;6;10;4;9;3;1;2;16;10;3;7;1;4;9;18;7;9;5;6;12;2;1;5;3;2;2;5;8;19;4;8;10;7;6;3;6;10;5;2;4;2;5;6;5;2;6;14;2;5;8;1;2;1;2;3;2;3;8;6;1;3;1;1;2;4;5;1;4;1;5;3;10;3;6;6;16;2;2;7;2;5;7;7;1;2;3;2;2;6;2;8;10;7;14;1;1;3;2;2;3;3;6;5;4;7;10;6;7;3;3;2;2;9;4;3;8;6;3;5;7;7;5;4;2;5;7;2;4;8;4;5;5;3;2;1;3;5;3;4;4;5;8;7;2;11;7;4;2;11;4;8;1;5;3;3;5;12;4;8;6;6;8;8;4;1;7;2;3;1;2;11;6;15;2;5;7;3;4;4;3;4;14;6;6;9;6;4;4;5;5;10;2;6;5;16;7;1;2;5;3;14;2;1;5;8;1;2;5;1;2;4;3;17;1;5;1;2;7;3;7;4;11;6;4;7;6;5;3;1;3;3;1;2;1;4;7;1,7;5;3;6;2;3;3;4;3;2;5;2;3;1;1;2;1;2;4;10;4;2;2;1;3;2;2;3;3;1;4;1;2;2;3;12;3;1;1;3;3;3;2;1;1;1;4;1;1;4;4;1;2;3;6;2;1;1;1;4;3;2;2;1;1;2;2;2;4;4;2;8;2;1;1;5;4;1;2;1;2;5;3;3;1;3;3;3;2;1;3;1;2;2;3;6;4;3;3;2;5;2;1;2;3;3;1;1;1;1;6;3;2;5;5;1;2;7;1;2;1;1;2;2;1;2;4;1;2;1;1;1;3;4;1;1;1;2;2;4;1;3;2;3;2;2;3;2;1;7;3;1;1;2;2;2;2;2;1;4;2;4;1;1;2;2;1;1;1;4;2;1;5;3;1;5;3;1;2;2;2;4;1;2;4;1;2;2;3;4;2;2;1;4;2;2;3;3;2;1;3;2;1;1;3;1;2;2;3;3;6;2;5;1;2;2;1;1;1;1;1;3;1;5;6;2;3;3;4;4;2;1;1;3;2;2;1;1;4;2;6;1;2;6;2;2;3;1;2;4;4;2;5;3;1;2;2;3;1;2;1;1;7;4;1;2;1;1;6;2;1;1;3;1;2;2;1;1;1;2;7;1;2;1;1;1;2;2;3;8;5;4;4;3;1;3;1;2;2;1;1;1;3;4;1,0.0;0.0;0.0;0.0;0.0;1.0;0.0;0.0;0.0;1.0;0.0;0.0;1.0;0.0;1.0;0.0;0.0;0.0;0.0;0.0;0.0;0.0;0.0;0.0;0.0;0.0;0.0;0.0;0.0;0.0;1.0;0.0;1.0;0.0;0.0;0.0;0.0;0.0;1.0;1.0;0.0;0.0;0.0;1.0;0.0;0.0;0.0;0.0;0.0;0.0;1.0;1.0;1.0;0.0;0.0;1.0;0.0;0.0;1.0;0.0;1.0;0.0;0.0;0.0;0.0;0.0;0.0;0.0;0.0;0.0;0.0;0.0;0.0;1.0;0.0;0.0;0.0;0.0;0.0;1.0;0.0;0.0;0.0;0.0;0.0;0.0;0.0;0.0;1.0;1.0;0.0;0.0;1.0;1.0;0.0;0.0;0.0;0.0;0.0;0.0;0.0;0.0;0.0;0.0;0.0;0.0;0.0;0.0;0.0;0.0;1.0;0.0;1.0;0.0;0.0;0.0;0.0;0.0;1.0;1.0;1.0;0.0;0.0;1.0;0.0;0.0;0.0;1.0;0.0;1.0;1.0;0.0;0.0;0.0;1.0;0.0;1.0;0.0;0.0;0.0;0.0;0.0;0.0;0.0;1.0;1.0;0.0;1.0;0.0;1.0;0.0;1.0;0.0;0.0;1.0;1.0;0.0;1.0;0.0;0.0;0.0;0.0;1.0;1.0;0.0;1.0;0.0;0.0;0.0;0.0;0.0;0.0;0.0;0.0;0.0;0.0;1.0;0.0;1.0;1.0;0.0;1.0;0.0;0.0;0.0;0.0;0.0;0.0;0.0;0.0;0.0;1.0;0.0;0.0;1.0;0.0;0.0;0.0;0.0;0.0;1.0;1.0;1.0;0.0;0.0;0.0;0.0;0.0;0.0;0.0;0.0;1.0;0.0;0.0;0.0;1.0;0.0;0.0;0.0;1.0;0.0;1.0;0.0;1.0;0.0;0.0;0.0;0.0;0.0;0.0;0.0;0.0;1.0;0.0;1.0;0.0;1.0;0.0;0.0;0.0;0.0;0.0;0.0;0.0;0.0;0.0;0.0;0.0;0.0;0.0;0.0;0.0;0.0;0.0;0.0;0.0;0.0;0.0;0.0;1.0;0.0;0.0;0.0;0.0;1.0;1.0;0.0;0.0;0.0;1.0;1.0;0.0;0.0;1.0;1.0;0.0;1.0;0.0;0.0;0.0;0.0;1.0;0.0;1.0;0.0;0.0;0.0;0.0;0.0;0.0;0.0;1.0;0.0;0.0;0.0;1.0;1.0;0.0;0.0;1.0;0.0;1.0;0.0;0.0;1.0,9,9,"1,8",2,False,2,2,0.2621339703691958
RKLNFRLFVI,1,HLA-B*2705,RKLNFRLFV,RKLNFRLFV,0,0,0,0,0,RKLNFRLFV,2.229,RKLNSRLFV,3.048,0.907358,1.0,20.772,11.681,20.7718200683594,CRY1;CRY2,ENSG00000008405;ENSG00000121671,2;4,1;4,0.0;1.0,9,9,"1,8",4,False,2,-2,0.15990392452958463
RLFGEAPREL,1,HLA-A*0201,RLFGEAPREL,RLFGEAPEL,0,7,1,0,0,RLFGEAPREL,0.156,RPFGEAPREL,13.555,0.947096,1.0,27.021,0.0,27.0208282470703,GPC1,ENSG00000063660,6,4,0.0,10,10,"1,9",1,True,4,-3,0.21785912176350655
RLMVAVEEAFI,1,HLA-A*0201,RLMVAVEEA,RLMVAVEEA,0,0,0,0,0,RLMVAVEEA,0.49,RLVVAVEEA,1.509,0.965026,1.0,11.464,11.464,11.4637808799744,VANGL2;VANGL1,ENSG00000162738;ENSG00000173218,2;4,2;4,1.0;1.0,9,9,"1,8",2,False,1,1,0.29542185700429513
RLSFSGPAL,1,HLA-B*0702,RLSFSGPAL,RLSFSGPAL,0,0,0,0,0,RLSFSGPAL,0.763,RLSSSGPAL,0.564,0.91298,1.0,3.001,0.0,3.00090980529785,FGFR4,ENSG00000160867,10,4,0.0,9,9,"1,8",3,False,2,-2,0.07491259139541952
RLSSSSSSK,1,HLA-A*1101,RLSSSSSSK,RLSSSSSSK,0,0,0,0,0,RLSSSSSSK,0.258,RLSSSSSSE,13.639,0.99038,1.0,11.261,0.0,11.2612886428833,BRD3,ENSG00000169925,4,1,0.0,9,9,"1,8",8,True,2,1,0.0850597139168382
RLYKLILWR,1,HLA-A*0301,RLYKLILWR,RLYKLILWR,0,0,0,0,0,RLYKLILWR,0.107,RLYKPILWR,0.008,0.887425,1.0,7.611,7.611,7.61107397079468,NCAPG2,ENSG00000146918,5,5,1.0,9,9,"1,8",4,False,4,-3,0.39225117113748087
RMAISIPIR,1,HLA-A*1101,RMAISIPIR,RMAISIPIR,0,0,0,0,0,RMAISIPIR,1.536,RMAISIPNR,0.691,0.940259,1.0,2.331,0.0,2.33092093467712,STEAP4,ENSG00000127954,3,2,0.0,9,9,"1,8",7,False,2,-3,0.15077887436247692
RPEFHVHAPG,1,HLA-B*0702,RPEFHVHAP,RPEFHVHAP,0,0,0,0,0,RPEFHVHAP,0.918,RPEFHVHEP,1.375,0.951754,1.0,0.081,0.0,0.0810019224882126,TTN,ENSG00000155657,15,7,0.0,9,9,"1,8",7,False,2,-1,0.17136976830729217
RPISPAPNCI,1,HLA-B*0702,RPISPAPNCI,RPISPPNCI,0,5,1,0,0,RPISPAPNCI,0.334,RPIPPAPNCI,0.214,0.933549,1.0,2.821,0.0,2.82098698616028,ADAM19,ENSG00000135074,4,3,0.0,10,10,"1,9",3,False,4,-1,0.08186853316926142
RRTQRYFMK,1,HLA-B*2705,RRTQRYFMK,RRTQRYFMK,0,0,0,0,0,RRTQRYFMK,0.167,RRTQRYFME,1.812,0.983816,1.0,0.371,0.0,0.371002286672592,NEK10,ENSG00000163491,9,5,0.0,9,9,"1,8",8,True,2,1,0.2524547094286047
RVALLSWTK,1,HLA-A*1101,RVALLSWTK,RVALLSWTK,0,0,0,0,0,RVALLSWTK,0.074,EGVLLSWTK,4.267,0.913454,1.0,1.101,1.101,1.10098898410797,HKDC1,ENSG00000156510,1,1,1.0,9,9,"1,8","0,1,2",True,8,-3,0.22175344770212155
RVYKCIFNH,1,HLA-A*0301,RVYKCIFNH,RVYKCIFNH,0,0,0,0,0,RVYKCIFNH,0.322,RVYKCLFNH,0.446,0.962861,1.0,49.071,0.0,49.0710411071777,GLG1,ENSG00000090863,8,5,0.0,9,9,"1,8",5,False,4,2,0.38947977373504894
SILKGYRLY,1,HLA-A*1101,SILKGYRLY,SILKGYRLY,0,0,0,0,0,SILKGYRLY,1.043,SILKGYRSY,1.284,0.947077,1.0,6.031,0.0,6.0310115814209,DENND4A,ENSG00000174485,5,4,0.0,9,9,"1,8",7,False,2,-2,0.13879963882995264
SISDEIAKA,1,HLA-A*0201,SISDEIAKA,SISDEIAKA,0,0,0,0,0,SISDEIAKA,0.464,SISDEITKA,0.552,0.956421,1.0,24.451,24.451,24.4506340026855,MCMBP,ENSG00000197771,2,2,1.0,9,9,"1,8",6,False,4,0,0.1416646547692702
SLAHHIQLI,1,HLA-A*0201,SLAHHIQLI,SLAHHIQLI,0,0,0,0,0,SLAHHIQLI,0.089,PLAHHIQLI,3.086,0.974276,1.0,0.291,0.0,0.291001796722412,MED12L,ENSG00000144893,8,4,0.0,9,9,"1,8",0,False,4,-1,0.22942582243521542
SLETPSPPL,1,HLA-A*0201,SLETPSPPL,SLETPSPPL,0,0,0,0,0,SLETPSPPL,0.608,SLETPSAPL,1.441,0.935376,1.0,33.012,0.0,33.0115737915039,PNPLA6,ENSG00000032444,14,5,0.0,9,9,"1,8",6,False,4,-1,0.12225957203037563
SLGKAQTAQV,1,HLA-A*0201,SLGKAQTAQV,SLGKATAQV,0,5,1,0,0,SLGKAQTAQV,1.749,SLGKARTAQV,2.176,0.954417,1.0,135.251,135.251,135.251419067383,FLOT1,ENSG00000137312,7,7,1.0,10,10,"1,9",5,False,2,1,0.11683365341112747
SLIQRINLKK,1,HLA-A*1101,SLIQRINLK,SLIQRINLK,0,0,0,0,0,SLIQRINLK,0.158,SLIQRINLR,1.017,0.988154,1.0,17.621,0.0,17.6207084655762,GOSR1,ENSG00000108587,7,5,0.0,9,9,"1,8",8,True,2,2,0.16950834496513154
SLIVGGIVGI,1,HLA-A*0201,SLIVGGIVGI,SLIGGIVGI,0,3,1,0,0,SLIVGGIVGI,0.338,ALIVGGIVGI,0.35,0.993191,1.0,108.248,108.248,108.248260498047,SDC4,ENSG00000124145,1,1,1.0,10,10,"1,9",0,False,4,1,0.1879486377169523
SLLMWITQAL,1,HLA-A*0201,SLLMWITQA,SLLMWITQA,0,0,0,0,0,SLLMWITQA,0.206,SLLMWITQC,1.098,0.971781,1.0,0.003,0.0,0.0029999673133716,CTAG2;CTAG1B;CTAG1A,ENSG00000126890;ENSG00000184033;ENSG00000268651,2;2;2,1;1;1,0.0;0.0;0.0,9,9,"1,8",8,True,0,0,0.345290929673136
SLLTNWPFV,1,HLA-A*0201,SLLTNWPFV,SLLTNWPFV,0,0,0,0,0,SLLTNWPFV,0.173,SLLTNWPSV,0.094,0.931177,1.0,14.241,14.241,14.2412118911743,MYBL2,ENSG00000101057,2,2,1.0,9,9,"1,8",7,False,2,-2,0.28692958288117565
SMIQIITGQL,1,HLA-A*0201,SMIQIITGQL,SMIQIITQL,0,7,1,0,0,SMIQIITGQL,1.291,SMVQIITGQL,2.011,0.988914,1.0,0.521,0.521,0.521016180515289,FAM83B,ENSG00000168143,1,1,1.0,10,10,"1,9",2,False,3,3,0.12220040600531709
SPVQTPLEVRL,1,HLA-B*0702,SPVQTPLEV,SPVQTPLEV,0,0,0,0,0,SPVQTPLEV,0.144,SPVRTPLEV,0.156,0.942128,1.0,8.761,0.0,8.76102733612061,PLEKHA7,ENSG00000166689,10,7,0.0,9,9,"1,8",3,False,2,1,0.16460322334041183
SPWWNFGSLL,2,HLA-A*2402,PWWNFGSLL,PWWNFGSLL,0,0,0,0,0,PWWNFGSLL,0.84,AWWNFGSLL,0.744,0.963924,1.0,5181.306,5181.306,5181.3056640625,MT-CYB,ENSG00000198727,1,1,1.0,9,9,"1,8",0,False,4,-1,0.324660864362033
SSLDLTTSPV,2,HLA-B*0702,SLDLTTSPV,SLDLTTSPV,0,0,0,0,0,SLDLTTSPV,6.69,SLDPTTSPV,3.039,0.905515,1.0,13.581,0.0,13.5808324813843,GOLGA3,ENSG00000090615,37,14,0.0,9,9,"1,8",3,False,4,-3,0.1646500906936134
STAKSTTWTY,2,HLA-B*1501,TAKSTTWTY,TAKSTTWTY,0,0,0,0,0,TAKSTTWTY,0.183,TAKSATWTY,0.21,0.947327,1.0,1.282,0.861,1.2820111811161,TP63;TP73,ENSG00000073282;ENSG00000078900,12;11,10;11,0.0;1.0,9,9,"1,8",4,False,4,0,0.11910553195429854
STEQCAFCK,1,HLA-A*1101,STEQCAFCK,STEQCAFCK,0,0,0,0,0,STEQCAFCK,0.733,STERCAFCK,0.896,0.937418,1.0,10.401,0.0,10.4013576507568,KMT2C,ENSG00000055609,40,8,0.0,9,9,"1,8",3,False,2,1,0.1270578629406609
STPLPGTRVR,1,HLA-A*1101,STPLPGTRVR,STLPGTRVR,0,2,1,0,0,STPLPGTRVR,0.769,STPPPGTRVR,0.791,0.903466,1.0,30.79,0.0,30.7902145385742,TP53,ENSG00000141510,24,18,0.0,10,10,"0,1,9",3,False,4,-3,0.20045436614490592
SVLDVGVAV,1,HLA-A*0201,SVLDVGVAV,SVLDVGVAV,0,0,0,0,0,SVLDVGVAV,0.211,SVLDVGGAV,2.049,0.921336,1.0,9.941,0.0,9.94106197357178,,,,,,9,9,"1,8",6,False,4,-3,0.1989614071191052
SVLNYFKPYL,2,HLA-A*0201,VLNYFKPYL,VLNYFKPYL,0,0,0,0,0,VLNYFKPYL,0.321,VLNYFEPYL,0.19,0.94233,1.0,0.151,0.0,0.15099786221981,RYR3,ENSG00000198838,13,5,0.0,9,9,"1,8",5,False,2,1,0.35345147459768633
SYSHKVDIFFL,1,HLA-A*2402,SYSHKVDIF,SYSHKVDIF,0,0,0,0,0,SYSHKVDIF,0.037,SYSHKVDIF,0.037,1.0,1.0,11.671,0.0,11.6713533401489,EIF2AK3,ENSG00000172071,9,4,0.0,9,9,"1,8",-1,True,0,6,0.2231379341722946
TAKQAHLTTLK,3,HLA-A*3001,KQAHLTTLK,KQAHLTTLK,0,0,0,0,0,KQAHLTTLK,0.113,KQAHLTTLK,0.113,1.0,1.0,10.991,0.0,10.9913749694824,IQCB1,ENSG00000173226,6,2,0.0,9,9,"0,1,2,8",-1,True,0,5,0.211611005708777
TFADTAALL,1,HLA-A*2402,TFADTAALL,TFADTAALL,0,0,0,0,0,TFADTAALL,0.518,TFADTAALS,16.855,0.979562,1.0,0.271,0.0,0.271006613969803,AGMO,ENSG00000187546,3,1,0.0,9,9,"1,8",8,True,2,-2,0.13571949020885535
TLLSQVNKV,1,HLA-A*0201,TLLSQVNKV,TLLSQVNKV,0,0,0,0,0,TLLSQVNKV,0.035,TPLSQVNKV,11.952,0.939619,1.0,5.151,0.0,5.15116930007935,CIT,ENSG00000122966,19,9,0.0,9,9,"1,8",1,True,4,-3,0.2762815157103604
TLPGTLLLDEV,1,HLA-A*0201,TLPGTLLLDEV,TLPGTLLEV,0,7,2,0,0,TLPGTLLLDEV,0.909,PLPGTLLLDEV,7.722,0.984507,1.0,21.99,0.0,21.9903697967529,ACSF2,ENSG00000167107,9,4,0.0,11,11,"1,10",0,True,4,-1,0.11526897368242858
TLYLPHYASAK,1,HLA-A*1101,TLYLPHYASAK,TLYLPASAK,0,5,2,0,0,TLYLPHYASAK,1.206,TLFLPHYASAK,1.28,0.974564,1.0,23.382,23.382,23.38157081604,HECTD3,ENSG00000126107,2,2,1.0,11,11,"0,1,10",2,False,2,3,0.10870290832863454
TMFGLPFAT,1,HLA-A*0201,TMFGLPFAT,TMFGLPFAT,0,0,0,0,0,TMFGLPFAT,0.74,TMFGLRFAT,2.905,0.891798,1.0,17.241,0.0,17.241340637207,URGCP,ENSG00000106608,8,4,0.0,9,9,"1,8",5,False,4,-2,0.2017116784270884
TMQLMNREK,1,HLA-A*1101,TMQLMNREK,TMQLMNREK,0,0,0,0,0,TMQLMNREK,1.567,TMQLMKREK,2.347,0.93729,1.0,111.903,0.0,111.902618408203,RNF10,ENSG00000022840,13,3,0.0,9,9,"1,8",5,False,4,0,0.14855885684762588
TPLPGTRVRA,1,HLA-B*5401,TPLPGTRVRA,TPLPGTVRA,0,6,1,0,0,TPLPGTRVRA,0.059,TPPPGTRVRA,0.626,0.918368,1.0,30.79,0.0,30.7902145385742,TP53,ENSG00000141510,24,18,0.0,10,10,"1,9",2,False,4,-3,0.3507567289284663
TPNTLPNYQSF,1,HLA-B*0702,TPNTLPNYQSF,TPNPNYQSF,0,3,2,0,0,TPNTLPNYQSF,0.559,TPNTLPNYQSS,5.867,0.984113,1.0,0.111,0.0,0.110997572541237,MYOCD,ENSG00000141052,4,3,0.0,11,11,"1,3,10",10,True,2,-2,0.07421749953782777
TPSLPTLPT,1,HLA-B*0702,TPSLPTLPT,TPSLPTLPT,0,0,0,0,0,TPSLPTLPT,0.514,TPSLPTPPT,0.43,0.916417,1.0,1.191,0.0,1.19102191925049,MAPT,ENSG00000186868,14,13,0.0,9,9,"1,8",6,False,4,-3,0.1272905675186327
TSNHESQVTF,2,HLA-B*1501,SNHESQVTF,SNHESQVTF,0,0,0,0,0,SNHESQVTF,0.741,SDHESQVTF,1.458,0.964155,1.0,0.011,0.0,0.010999639518559,TNR,ENSG00000116147,3,2,0.0,9,9,"1,8",1,True,2,1,0.14295845908237914
TWSTPHFYF,1,HLA-A*2402,TWSTPHFYF,TWSTPHFYF,0,0,0,0,0,TWSTPHFYF,0.044,TWSTPHSYF,0.093,0.911993,1.0,0.031,0.0,0.0309997424483299,IL12B,ENSG00000113302,3,2,0.0,9,9,"1,8",6,False,2,-2,0.286210232078322
TYLPSAWNF,1,HLA-A*2402,TYLPSAWNF,TYLPSAWNF,0,0,0,0,0,TYLPSAWNF,0.003,TYLPSAWNS,3.084,0.966135,1.0,2.151,0.0,2.15098881721497,PRDM10,ENSG00000170325,8,6,0.0,9,9,"1,8",8,True,2,-2,0.3542148024499171
VLAKKLKFV,1,HLA-A*0201,VLAKKLKFV,VLAKKLKFV,0,0,0,0,0,VLAKKLKFV,0.242,VLAKELKFV,0.113,0.952109,1.0,1.651,0.0,1.65095412731171,ACP3,ENSG00000014257,5,4,0.0,9,9,"1,8",4,False,2,1,0.23907449665529823
VLKEQIEEL,1,HLA-A*0201,VLKEQIEEL,VLKEQIEEL,0,0,0,0,0,VLKEQIEEL,0.036,VLKEQIKEL,0.269,0.96108,1.0,96.571,0.0,96.5714273452759,TSC22D1;TSC22D2,ENSG00000102804;ENSG00000196428,8;5,4;3,0.0;0.0,9,9,"1,8",6,False,2,1,0.31238456023273437
VLLYAEIYA,1,HLA-A*0201,VLLYAEIYA,VLLYAEIYA,0,0,0,0,0,VLLYAEIYA,1.392,ALLYAEIYA,1.04,0.985404,1.0,8.351,0.0,8.35071659088135,ATM,ENSG00000149311,21,3,0.0,9,9,"1,8",0,False,4,0,0.21283901965830263
VLNPFIYML,1,HLA-A*0201,VLNPFIYML,VLNPFIYML,0,0,0,0,0,VLNPFIYML,0.02,VLNPFIYTL,0.007,0.951694,1.0,0.001,0.001,0.0009999891044572,OR6F1,ENSG00000169214,2,2,1.0,9,9,"1,8",7,False,1,-1,0.5772578850116732
VLVTGCMFV,1,HLA-A*0201,VLVTGCMFV,VLVTGCMFV,0,0,0,0,0,VLVTGCMFV,0.585,VLVTGCMSV,0.429,0.940437,1.0,3.651,0.0,3.65102100372314,SYNJ1,ENSG00000159082,12,10,0.0,9,9,"1,8",7,False,2,-2,0.22636747332338544
VMASVDNPL,1,HLA-A*0201,VMASVDNPL,VMASVDNPL,0,0,0,0,0,VMASVDNPL,1.009,VMASVDNPH,18.108,0.965045,1.0,11.351,0.0,11.3506259918213,EGFR,ENSG00000146648,7,3,0.0,9,9,"1,8",8,True,2,-3,0.14846900230377075
VPSAWTDTQRL,1,HLA-B*0702,VPSAWTDTQRL,VPSADTQRL,0,4,2,0,0,VPSAWTDTQRL,0.993,VPSAWTDTQRS,16.779,0.986162,1.0,30.121,0.0,30.1210460662842,RNF4,ENSG00000063978,14,3,0.0,11,11,"1,3,10",10,True,2,-2,0.0944840040004716
VQLIMQLMPF,2,HLA-A*0206,QLIMQLMPF,QLIMQLMPF,0,0,0,0,0,QLIMQLMPF,8.323,QLITQLMPF,4.18,0.934725,1.0,11.351,0.0,11.3506259918213,EGFR,ENSG00000146648,7,3,0.0,9,9,"1,8",3,False,1,-1,0.22362691283123323
VVNMNEIVRTK,3,HLA-A*1101,NMNEIVRTK,NMNEIVRTK,0,0,0,0,0,NMNEIVRTK,0.579,NMNEIVRTK,0.579,1.0,1.0,0.001,0.001,0.0009999891044572,TAS2R43,ENSG00000255374,1,1,1.0,9,9,"1,8",-1,True,0,5,0.1878564925311858
VVVGAVGVGK,2,HLA-A*1101,VVGAVGVGK,VVGAVGVGK,0,0,0,0,0,VVGAVGVGK,0.142,VVGAGGVGK,0.228,0.924743,1.0,83.541,17.211,83.5416688919067,KRAS;HRAS;NRAS,ENSG00000133703;ENSG00000174775;ENSG00000213281,13;8;1,11;7;1,0.0;0.0;1.0,9,9,"1,8",4,False,4,-3,0.35999380808629466
VYRPLHYPLL,2,HLA-C*0702,YRPLHYPLL,YRPLHYPLL,0,0,0,0,0,YRPLHYPLL,0.013,CRPLHYPLL,0.379,0.952619,1.0,0.002,0.002,0.0019999782089144,OR2T34;OR2T3,ENSG00000183310;ENSG00000196539,1;1,1;1,1.0;1.0,9,9,"1,8",0,False,2,-2,0.373007170904209
WEDSQLVSHL,1,HLA-B*4002,WEDSQLVSHL,WEDSQLVSL,0,8,1,0,0,WEDSQLVSHL,0.645,CEDSQLVSHL,2.149,0.963039,1.0,15.002,0.0,15.0020332336426,DDX60;DDX60L,ENSG00000137628;ENSG00000181381,7;8,3;2,0.0;0.0,10,10,"1,9",0,False,2,-2,0.10051116661626339
WLSVLECVEL,1,HLA-A*0201,WLSVLECVEL,WLSVLEVEL,0,6,1,0,0,WLSVLECVEL,3.833,WLSVLECVEV,3.943,0.991248,1.0,26.991,0.0,26.9908771514893,PEX16,ENSG00000121680,8,2,0.0,10,10,"1,9",9,True,6,1,0.13572545656386853
WQLEFLQPL,1,HLA-A*0206,WQLEFLQPL,WQLEFLQPL,0,0,0,0,0,WQLEFLQPL,0.07,RQLEFLQPL,0.028,0.957855,1.0,4.501,4.501,4.50085783004761,CHST3,ENSG00000122863,1,1,1.0,9,9,"1,8",0,False,2,-3,0.2770018990730998
WVAPDSHIF,1,HLA-B*1501,WVAPDSHIF,WVAPDSHIF,0,0,0,0,0,WVAPDSHIF,0.397,WVAPDGHIF,0.367,0.925304,1.0,24.3,0.0,24.3002624511719,ERCC3,ENSG00000163161,13,7,0.0,9,9,"1,8",5,False,2,0,0.16491252679091623
YIAQFKGAWIL,3,HLA-A*0201,AQFKGAWIL,AQFKGAWIL,0,0,0,0,0,AQFKGAWIL,0.5,AQSKGAWIL,1.88,0.917191,1.0,0.111,0.0,0.110997572541237,TRPM8,ENSG00000144481,7,4,0.0,9,9,"1,8",2,False,2,-2,0.19821519108502494
YILKYSVFL,1,HLA-A*0201,YILKYSVFL,YILKYSVFL,0,0,0,0,0,YILKYSVFL,0.185,YISKYSVFL,0.233,0.935918,1.0,0.781,0.0,0.781002998352051,ZDBF2,ENSG00000204186,10,3,0.0,9,9,"1,8",2,False,2,-2,0.36324071382739664
YIPSNDLRAFV,1,HLA-A*0201,YIPSNDLRAFV,YINDLRAFV,0,2,2,0,0,YIPSNDLRAFV,3.292,HIPSNDLRAFV,8.29,0.986026,1.0,8.191,8.191,8.19077491760254,SMC5,ENSG00000198887,1,1,1.0,11,11,"1,10",0,True,2,2,0.049331211031623384
YISKCWDYA,1,HLA-A*0201,YISKCWDYA,YISKCWDYA,0,0,0,0,0,YISKCWDYA,6.778,YISKCWDHA,10.513,0.942024,1.0,10.441,0.0,10.441086769104,HSD17B7,ENSG00000132196,4,1,0.0,9,9,"1,8",7,False,2,2,0.1544368738749566
YLDYQIQATVM,1,HLA-A*0201,YLDYQIQATV,YLDYQIQTV,0,7,1,0,0,YLDYQIQATV,0.216,YPDYQIQATV,9.075,0.948681,1.0,0.021,0.0,0.0209995172917843,SLC30A8,ENSG00000164756,7,4,0.0,10,10,"1,9",1,True,4,-3,0.17905128725731384
YLFFIQGYK,1,HLA-A*0301,YLFFIQGYK,YLFFIQGYK,0,0,0,0,0,YLFFIQGYK,0.231,YLSFIQGYK,0.333,0.919099,1.0,0.411,0.411,0.410997062921524,DNAH5,ENSG00000039139,2,2,1.0,9,9,"1,8",2,False,2,-2,0.2890871316768931
YLIPCYFHA,1,HLA-A*0201,YLIPCYFHA,YLIPCYFHA,0,0,0,0,0,YLIPCYFHA,0.297,YLIPCYFDA,0.967,0.928157,1.0,5.261,0.0,5.26086473464966,AGL,ENSG00000162688,6,5,0.0,9,9,"1,8",7,False,2,-1,0.283787998799646
YLLTDCNPA,1,HLA-A*0201,YLLTDCNPA,YLLTDCNPA,0,0,0,0,0,YLLTDCNPA,1.09,SLLTDCNPA,2.091,0.972007,1.0,149.872,0.0,149.87239074707,UBE2E3;UBE2E1;UBE2E2,ENSG00000170035;ENSG00000170142;ENSG00000182247,10;6;6,4;4;2,0.0;0.0;0.0,9,9,"1,8",0,False,2,-2,0.3073359278109682
YLYHRVDVIFC,1,HLA-A*0201,YLYHRVDVI,YLYHRVDVI,0,0,0,0,0,YLYHRVDVI,0.21,DLYHRVDVI,5.902,0.961427,1.0,36.052,0.0,36.051815032959,USP7,ENSG00000187555,13,4,0.0,9,9,"1,8",0,False,2,-3,0.5944387180055912
YMYEAPPGA,1,HLA-A*0201,YMYEAPPGA,YMYEAPPGA,0,0,0,0,0,YMYEAPPGA,0.022,FMYEAPPGA,0.023,0.984653,1.0,26.801,0.0,26.8007221221924,CIR1,ENSG00000138433,2,1,0.0,9,9,"1,8",0,False,2,3,0.2592993903191516
YMYLRQLFHI,1,HLA-A*0201,YMYLRQLFHI,YMYRQLFHI,0,3,1,0,0,YMYLRQLFHI,1.936,YMYLRQLFRI,2.708,0.961514,1.0,87.822,0.001,87.8223653455498,CSNK1A1;CSNK1A1L,ENSG00000113712;ENSG00000180138,16;1,10;1,0.0;1.0,10,10,"1,9",8,False,2,0,0.2778247883572812
YPAPQPPVL,1,HLA-B*0801,YPAPQPPVL,YPAPQPPVL,0,0,0,0,0,YPAPQPPVL,0.052,SPAPQPPVL,0.134,0.97307,1.0,3.071,0.0,3.07098197937012,TOX2,ENSG00000124191,5,4,0.0,9,9,"4,8",0,False,2,-2,0.2541760924483058
YPFQFVPGL,1,HLA-B*0702,YPFQFVPGL,YPFQFVPGL,0,0,0,0,0,YPFQFVPGL,0.24,YPSQFVPGL,0.159,0.908558,1.0,14.501,14.501,14.5011959075928,ZNF703,ENSG00000183779,1,1,1.0,9,9,"1,8",2,False,2,-2,0.27610797272636123
YVPRFVFKL,1,HLA-A*0201,YVPRFVFKL,YVPRFVFKL,0,0,0,0,0,YVPRFVFKL,0.369,YVPRFVSKL,0.854,0.919987,1.0,0.631,0.631,0.63099479675293,FAT4,ENSG00000196159,3,3,1.0,9,9,"1,8",6,False,2,-2,0.2097185798458388
YVRVTVQARVM,3,HLA-B*0702,RVTVQARVM,RVTVQARVM,0,0,0,0,0,RVTVQARVM,1.779,RVTVQARVM,1.779,1.0,1.0,32.781,0.0,32.7812728881836,C20orf27,ENSG00000101220,4,3,0.0,9,9,"1,8",-1,True,0,5,0.23480785483185915
