Peptide,HLA,seq_id,mean_pred
YVYDFGVSVS,HLA-A*0201,seq_182,0.6396357051245091
YVEYYSWLSYL,HLA-A*0201,seq_100,0.10728271846736115
YTWPSGNIY,HLA-A*0101,seq_24,0.2832648312716421
YTRDQIMTIL,HLA-B*0702,seq_138,0.20503954382336437
YTILTPVLNPI,HLA-A*0201,seq_200,0.18841685853559156
YTHNLIFVF,HLA-C*1403,seq_21,0.29038045369097587
YQFFSDECSY,HLA-B*1501,seq_58,0.16733491161364022
YMMNSVQENF,HLA-B*4402,seq_135,0.20014534925003086
YMHTDLQALHM,HLA-C*1203,seq_140,0.17472323979300092
YMAPEVVEVFA,HLA-A*0201,seq_41,0.3505662792250794
YLNELVVFV,HLA-A*0201,seq_171,0.5236111944869848
YLLDAQIREI,HLA-A*0201,seq_38,0.1637716164052872
YLCAGAVYF,HLA-C*0401,seq_193,0.28807747005799966
YKLVVVGAV,HLA-A*0201,seq_17,0.20428957335030312
YIAQFKGAWIL,HLA-A*0201,seq_12,0.2184863910944448
YASSYIILAM,HLA-B*1501,seq_49,0.18381172797958834
WIPSSSLAK,HLA-A*1101,seq_72,0.10436071896045025
VVHKRIHLGEK,HLA-A*0301,seq_66,0.10479418211215656
VPRFVFKLYYF,HLA-B*0702,seq_83,0.2062821743363327
VPDQKSKQL,HLA-B*0801,seq_19,0.2090420218427495
VLYVWSFFL,HLA-A*0201,seq_170,0.3008941442252148
VLVTFEDVAV,HLA-A*0201,seq_78,0.1813144339324419
VLTAEENLSI,HLA-A*0201,seq_150,0.10940745040334499
VLSQVDLPCGI,HLA-A*0201,seq_186,0.11516730568980771
VLLYAEIYA,HLA-A*0201,seq_122,0.22829466784517302
VLLFVAVWL,HLA-A*0201,seq_53,0.21299368238272476
VLFFRSASSI,HLA-A*0201,seq_120,0.13857111056363947
VIVRTLSGK,HLA-A*0301,seq_60,0.2217688480957228
VAVMKFKNPL,HLA-B*0702,seq_121,0.16934848105639774
TYSGKFLIL,HLA-A*2402,seq_196,0.37194708866342263
TTLFHTFYEL,HLA-A*2402,seq_152,0.21316491042434477
TSDYLSQSY,HLA-A*0101,seq_35,0.44852884898462103
TMSFSHLFYL,HLA-A*0201,seq_146,0.34243892073169035
TMIEEYDSG,HLA-A*0201,seq_157,0.3267106195445745
TLDECGLSYL,HLA-A*0201,seq_153,0.1191795078939251
TLAYSFQSLL,HLA-A*0201,seq_187,0.13764631715879758
TITMQLMNREK,HLA-A*1101,seq_63,0.15600486870655836
TAKSTTWTY,HLA-B*1501,seq_75,0.1339358836182764
TAKQAHLTTLK,HLA-A*3001,seq_54,0.22014356150287767
SYEKIYLDF,HLA-A*2402,seq_11,0.327099137040077
SWYRIYSKI,HLA-A*2402,seq_70,0.1705675418555381
SVYSCVALPYF,HLA-A*2402,seq_36,0.16276771644816962
SVFNTWNPM,HLA-C*1203,seq_129,0.11927579440451266
STPLPGTRVR,HLA-A*1101,seq_56,0.15692458915940397
SSYTGFANK,HLA-A*1101,seq_37,0.38736561950117104
SSVPTGHATF,HLA-B*1501,seq_119,0.0912799581979836
SSLDLTTSPV,HLA-A*0201,seq_73,0.18218838238313845
SSGFCNIAVK,HLA-A*0301,seq_2,0.12116206757087458
SSAAAPFPL,HLA-C*0304,seq_169,0.18699418199121087
SQMEELPSV,HLA-A*0206,seq_114,0.2809022074837917
SQDDNIVGL,HLA-A*0201,seq_90,0.2812725536954724
SPLYSVKSL,HLA-B*0702,seq_93,0.24133503372215426
SPLQEKQGL,HLA-B*0702,seq_161,0.1513985855072612
SPGDAHRESL,HLA-B*0702,seq_79,0.11015295619814576
SNTSRYATAL,HLA-B*0702,seq_51,0.15427717576466676
SLPSNVLSSL,HLA-A*0201,seq_39,0.07144726299603632
SLLSLPLSL,HLA-A*0201,seq_48,0.15904939734252782
SLLQTKNYSEI,HLA-A*0201,seq_142,0.057115282687342506
SLDQPVTALNV,HLA-A*0201,seq_99,0.20404820863827208
SLANFGGWV,HLA-A*0201,seq_183,0.17229112848209152
SIGDYYTCAR,HLA-A*1101,seq_160,0.1518535978695224
SIDAVAVTPL,HLA-A*0201,seq_184,0.1202287382958962
RYYVGHKAKF,HLA-A*2402,seq_128,0.4197352197754351
RVFRDSWAL,HLA-A*0201,seq_167,0.1570286577753432
RTDVKAYNVT,HLA-C*0501,seq_47,0.28314146243527877
RTDFLIQTVAK,HLA-A*0301,seq_106,0.0852384385644083
RTAKQNPLTKK,HLA-A*0301,seq_117,0.17110935545092973
RRASKARLP,HLA-C*0602,seq_1,0.08862963325696302
RLSISFENL,HLA-A*0201,seq_166,0.10808717645782265
RLKCPFYGK,HLA-A*0301,seq_173,0.26492847478900694
RLFQYNYSY,HLA-B*1501,seq_155,0.26118940702306515
RLFEYLRLTSL,HLA-A*0201,seq_199,0.1568047185949522
RLDTSVIFEGL,HLA-A*0201,seq_71,0.06192678708828971
RKLNFRLFVI,HLA-B*2705,seq_113,0.15622872417396153
RIECIFFSV,HLA-A*0201,seq_195,0.18182441666473328
QSAYCGWKVRK,HLA-A*1101,seq_57,0.17636014306524106
QPHYITVSV,HLA-B*0702,seq_134,0.26839881250477327
QLFYALGIVF,HLA-A*2402,seq_91,0.2830470043976986
QLFYALGIV,HLA-A*0201,seq_23,0.24155605967764412
QAVAAVQKL,HLA-C*1203,seq_7,0.14037220647187382
PYALVRLGI,HLA-A*2402,seq_27,0.15957659803225802
PLIDVNWCA,HLA-A*0201,seq_159,0.17608554517257197
NYVAGGQEVF,HLA-A*2402,seq_118,0.15873177085141682
NYIPSNDLRAF,HLA-A*2402,seq_132,0.10942133903267212
NVDQKVIQASM,HLA-B*3501,seq_191,0.1336186819973908
MLIGIPVYV,HLA-A*0201,seq_180,0.5046063332128916
MIMLGDKKKTF,HLA-B*3501,seq_188,0.13509769906139774
MGFFRRSVIK,HLA-A*1101,seq_116,0.14275307068625087
MASISSFLLV,HLA-A*0201,seq_111,0.1833361502662226
MASISSFLL,HLA-B*3501,seq_4,0.20969764778354114
MALTASTVPL,HLA-C*0303,seq_88,0.08963550160372995
MAASLPPTL,HLA-C*1202,seq_74,0.23553299653222348
LWMNLFVGFRF,HLA-A*2402,seq_154,0.3090290193332689
LVRGVRLSF,HLA-B*0702,seq_44,0.1751457759489264
LTLSGFFLR,HLA-A*1101,seq_22,0.24617583589718733
LRAAFFGKCF,HLA-B*2705,seq_124,0.15842090277677173
LQTIKDIASPI,HLA-B*5201,seq_5,0.16664706685614933
LQRIHHMAA,HLA-B*0801,seq_89,0.22962280601687488
LPVGSQCLVDL,HLA-B*3501,seq_50,0.12603356332686594
LPFSPEFSEFF,HLA-B*0702,seq_174,0.12197472077416549
LPATGWTKS,HLA-B*0702,seq_136,0.13442890211933894
LMTLHGFMMY,HLA-A*3002,seq_98,0.49820916539976795
LLYNDQPPR,HLA-A*0301,seq_46,0.18907879675315226
LLMGSSDLA,HLA-A*0201,seq_147,0.1393373369314824
LLGSVNNLL,HLA-A*0201,seq_190,0.1696522274357301
LLFQRFFVI,HLA-B*0801,seq_139,0.25996723207025896
LLFGMPPCL,HLA-A*0201,seq_55,0.4758850509795899
LLFALHFSA,HLA-A*0201,seq_81,0.24983253749949572
LIQNVRSMK,HLA-A*0301,seq_13,0.1820990201314749
LEREIPLNQPF,HLA-B*1501,seq_112,0.10329495707935217
LAYFLPRPPL,HLA-B*0702,seq_97,0.1413865262206733
LASVTHSVDK,HLA-A*1101,seq_194,0.18000290165864338
LAMAGSLVF,HLA-B*0702,seq_34,0.1714028858777905
KYSSGFCNI,HLA-A*2402,seq_178,0.23955373460548274
KVMTDPSRK,HLA-A*0301,seq_175,0.21425009185517924
KMTNFKTTPPV,HLA-A*0201,seq_165,0.09607174036385958
KMPWNNQLL,HLA-A*0201,seq_42,0.22088763639376746
KLYGLDWAEL,HLA-A*0201,seq_40,0.17713782478142448
KLYEEAGDVFL,HLA-A*0201,seq_6,0.14555556540583192
KLVEHFCPEF,HLA-A*0201,seq_87,0.10434433959255143
KLNFRLFVIR,HLA-A*0301,seq_126,0.14474914107055697
KLKFVTLVF,HLA-B*1501,seq_18,0.3442818365096261
KLIKPNSKDSV,HLA-A*0201,seq_16,0.0763123128510347
KLCIFAPFV,HLA-A*0201,seq_164,0.16879998131200008
KLARHYLIHTV,HLA-A*0201,seq_125,0.1143302970838034
KLAFGQKPPL,HLA-A*0201,seq_85,0.09861179847943422
KIQTNRNTVK,HLA-A*0301,seq_10,0.13016589862205197
KIFNFYPRK,HLA-A*0301,seq_26,0.31185073907988026
KGDADVSVPK,HLA-A*1101,seq_141,0.11345369428980075
KFHPQRLQL,HLA-B*0702,seq_156,0.0939579058332345
KELLKHPFTL,HLA-A*0201,seq_45,0.31486264993098234
KAIESFLEK,HLA-A*3001,seq_29,0.2877533508700214
ITYEYRPSKA,HLA-A*3001,seq_9,0.30576252184842856
ITMQLMNREK,HLA-A*1101,seq_102,0.15600486870655836
ISPILENPFF,HLA-A*2402,seq_130,0.12938289225471597
ISIQRAQPL,HLA-B*0801,seq_8,0.15373154851432744
IPTHTQMTTSA,HLA-B*0702,seq_103,0.18224211348160207
IPRSIFSSDL,HLA-B*0702,seq_158,0.21878175215860005
IPATGQAKEL,HLA-B*0702,seq_59,0.10568533013576328
IPAMHINQA,HLA-B*5601,seq_68,0.35464889826476337
IMRTYTYEI,HLA-A*0201,seq_189,0.29806422447530584
IMLSSNVINF,HLA-B*1501,seq_151,0.18663639445406854
ILQDGFLYV,HLA-A*0201,seq_144,0.5495331420977136
ILPKVLILI,HLA-A*0201,seq_108,0.3268584226252074
ILPFTPEFL,HLA-A*0201,seq_32,0.16615312222737116
ILPELTRLL,HLA-A*0201,seq_105,0.244209106707658
ILHFQNPGY,HLA-B*1501,seq_82,0.20462524484021688
ILDVCSSGL,HLA-A*0201,seq_25,0.11581070781050602
IIQEYKKFTK,HLA-A*1101,seq_96,0.09904913401728427
IHYTAQIIL,HLA-B*3901,seq_123,0.47259151692395995
HSDGAILPF,HLA-B*3501,seq_109,0.17145021598824267
HLYRCRLSSL,HLA-A*0201,seq_179,0.07293125452942012
HLSPGELHKEV,HLA-A*0201,seq_15,0.08446183395343021
HIQPHLASV,HLA-A*0201,seq_163,0.16371464726487664
HIMPDTAEI,HLA-A*0201,seq_185,0.18583938838415787
HIDKWCLDLK,HLA-A*0301,seq_84,0.1467028917039484
GVITKALYK,HLA-A*0301,seq_30,0.3479388312432784
GRQSWSLYV,HLA-C*0702,seq_133,0.18859314513518416
GQWGFSHGA,HLA-B*2705,seq_115,0.20013363206458554
GLPNHGATFKV,HLA-A*0201,seq_104,0.07216786716506676
GLGPKDTYV,HLA-A*0201,seq_33,0.23663328248003634
GLGEEQNHGV,HLA-A*0201,seq_14,0.13362862326563502
GIIPPSVQV,HLA-A*0201,seq_3,0.31362336657003914
GEYFTHQIR,HLA-B*4001,seq_177,0.24964018324427184
FVRTNSLVFR,HLA-A*1101,seq_172,0.15174059000638998
FTSKHHFSF,HLA-A*2402,seq_92,0.1664224730227893
FRSIYLNTLL,HLA-C*0702,seq_162,0.5022164120296669
FPDPPSSLDL,HLA-B*0702,seq_76,0.16282756392053624
FLYVLGRKK,HLA-A*1101,seq_176,0.2780267054169797
FLVYGVRPGM,HLA-A*0201,seq_148,0.1212082442003815
FLSSPAYFS,HLA-A*0201,seq_80,0.16587726488029175
FLAPLFLVLL,HLA-A*0201,seq_145,0.3799759168814681
FLAKILKPL,HLA-A*0201,seq_20,0.2504102291701847
FILLLFLTIFI,HLA-A*0201,seq_52,0.33987746191220386
FFSSVTVAL,HLA-A*0201,seq_149,0.15449978494075994
FEIRARTAA,HLA-B*4002,seq_77,0.2294502038582714
FEAEFTQVA,HLA-B*1801,seq_28,0.22327749822950316
FATDNYCHV,HLA-A*0201,seq_168,0.2533194096396746
FARAHALMF,HLA-B*1501,seq_94,0.24224180518956664
EPKPFLYVL,HLA-B*0702,seq_86,0.31852528107275907
EASGITYEY,HLA-A*0101,seq_31,0.2900686564214571
DSPDGSNGL,HLA-C*0102,seq_181,0.1069035399244654
DPSQRGCFTL,HLA-B*3501,seq_192,0.07987590410594937
DHYAYSYYL,HLA-C*0602,seq_95,0.2689610115938711
AVSLGRLKL,HLA-B*0702,seq_107,0.11070850396360132
AVAGIIPPSV,HLA-A*0201,seq_127,0.1766969573803233
ATVQKLSRFSL,HLA-B*0702,seq_64,0.12643109941337904
ATFLCPANV,HLA-A*0201,seq_69,0.17019656112097167
ASSYIILAM,HLA-B*1501,seq_197,0.18381172797958834
ASMTGIVYSLF,HLA-B*1501,seq_62,0.19192414167732366
ARLPVGAYEV,HLA-A*0201,seq_101,0.1954673721168482
ALLQEEAHV,HLA-A*0201,seq_67,0.19225387964266294
ALIHHNTYL,HLA-A*0201,seq_131,0.3992733088214341
ALFASRPRF,HLA-B*1501,seq_143,0.14200162580520193
ALCGQCVRI,HLA-A*0201,seq_61,0.14406843708367345
ALAVKALYPV,HLA-A*0201,seq_198,0.10423519131782166
AILPFTPEFL,HLA-A*0201,seq_137,0.16615312222737116
AIAKFNFNA,HLA-A*0201,seq_65,0.13775872596407684
AFQTSEKKFYI,HLA-A*2402,seq_110,0.09200562586069272
AEWRNGSTSSL,HLA-A*6801,seq_43,0.08836151916778917
